query,model,rank,doc_id,score,term_overlap,term_overlap_ratio,content_snippet,relevan_manual
ppkm darurat warga negara asing dilarang masuk,TF,1,4350,0.45636931477224707,7,1.0," Masuknya Tenaga Kerja Asing (TKA) ke Indonesia terus menjadi sorotan masyarakat. Sebut saja ketika 20 orang pekerja asing asal China dikabarkan masuk ke Indonesia melalui Bandara Sultan Hasanuddin, M",
ppkm darurat warga negara asing dilarang masuk,TF,2,11203,0.41998195157666685,5,0.7142857142857143,  Kepala Kantor Wilayah Kementerian Hukum dan HAM (Kemenkumham) Bali Jamaruli Manihuruk menegaskan pihaknya akan langsung mendeportasi warga negara asing (WNA) yang melanggar protokol kesehatan (proke,
ppkm darurat warga negara asing dilarang masuk,TF,3,11316,0.4170917996249824,3,0.42857142857142855,"  Selama Pandemi Covid-19, ada sebanyak 198 Warga Negara Asing (WNA) di Pulau Bali, dari tahun 2020 hingga 2021 yang dideportasi oleh Kantor Wilayah Kementerian Hukum dan Ham (Kemenkum HAM) Provinsi B",
ppkm darurat warga negara asing dilarang masuk,TF,4,706,0.40951417967396103,3,0.42857142857142855," PPPKM darurat akan kembali diperpanjang pemerintah hingga akhir Juli 2021. Ini diungkapkan Menteri Koordinator Bidang Pembangunan Manusia dan Kebudayaan (Menko PMK) Muhadjir Effendy di Yogyakarta, ha",
ppkm darurat warga negara asing dilarang masuk,TF,5,5229,0.40883275503007616,6,0.8571428571428571,  Pemerintah belum menutup pintu perjalanan internasional di tengah penyelenggaraan PPKM Darurat. Masuknya warga negara asing (WNA) ke Indonesia dinilai menimbulkan kecemburuan di masyarakat. Sebab it,
ppkm darurat warga negara asing dilarang masuk,TF,6,3026,0.40813021431086144,6,0.8571428571428571,"Wakil Ketua MPR Zulkifli Hasan alias Zulhas menyampaikan bahwa penerapan PPKM Darurat di Jawa dan Bali merupakan langkah pemerintah yang mesti didukung semua pihak. Hanya saja, dia menyoroti kabar mas",
ppkm darurat warga negara asing dilarang masuk,TF,7,12135,0.39817917531744706,3,0.42857142857142855,"  Kapolri Jenderal Listyo Sigit Prabowo meninjau pelaksanaan PPKM Darurat di Kelurahan Kebonjayanti, Kiaracondong, Bandung, Jawa Barat, Kamis, (15/7). Dalam kunjungan itu juga melihat perkembangan kas",
ppkm darurat warga negara asing dilarang masuk,TF,8,3387,0.3963309423975691,6,0.8571428571428571,"Di tengah pemberlakuan Pembatasan Kegiatan Masyarakat (PPKM) Darurat untuk menekan lonjakan kasus Covid-19 di wilayah Jawa dan Bali, beredar video yang diklaim Warga Negara Asing (WNA) masuk Indonesia",
ppkm darurat warga negara asing dilarang masuk,TF,9,4458,0.39596362990340833,5,0.7142857142857143,"Pandemi covid-19 belum juga mereda. Bahkan di Indonesia jumlah kasus positif terus melonjak dan mencetak rekor baru. Pemerintah pun menyiapkan beberapa skenario untuk menahan laju penyebaran, salah sa",
ppkm darurat warga negara asing dilarang masuk,TF,10,694,0.39134544906540264,4,0.5714285714285714,Menteri Koordinator Bidang Kemaritiman dan Investasi Luhut Binsar Pandjaitan meminta kepolisian agar mengawasi implementasi PPKM Darurat dengan mengacu pada panduan umum dan sektor yang masuk di sekto,
ppkm darurat warga negara asing dilarang masuk,TF-IDF,1,4350,0.3897307459880083,7,1.0," Masuknya Tenaga Kerja Asing (TKA) ke Indonesia terus menjadi sorotan masyarakat. Sebut saja ketika 20 orang pekerja asing asal China dikabarkan masuk ke Indonesia melalui Bandara Sultan Hasanuddin, M",
ppkm darurat warga negara asing dilarang masuk,TF-IDF,2,4374,0.3629635047892772,4,0.5714285714285714, Pemerintah melarang orang asing termasuk pekerja asing masuk ke Indonesia mulai 21 Juli 2021. Larangan berlaku seiring pemberlakuan pembatasan yang saat ini disebut PPKM Level 3 dan PPKM Level 4. Nam,
ppkm darurat warga negara asing dilarang masuk,TF-IDF,3,4380,0.3473208374901297,4,0.5714285714285714, Pemerintah melarang orang asing termasuk pekerja asing masuk ke wilayah Indonesia. Larangan berlaku mulai 21 Juli 2021 namun ada masa tenggang selama 2 hari untuk sosialisasi dan koordinasi. Menteri ,
ppkm darurat warga negara asing dilarang masuk,TF-IDF,4,2693,0.33748806585682695,4,0.5714285714285714,Kementerian Perhubungan (Kemenhub) akan mendukung arahan Peraturan Menteri Hukum dan HAM (Permenkumham) Nomor 27 Tahun 2021 terkait larangan pekerja asing masuk Indonesia. Juru Bicara Kementerian Perh,
ppkm darurat warga negara asing dilarang masuk,TF-IDF,5,11316,0.33533279813518757,3,0.42857142857142855,"  Selama Pandemi Covid-19, ada sebanyak 198 Warga Negara Asing (WNA) di Pulau Bali, dari tahun 2020 hingga 2021 yang dideportasi oleh Kantor Wilayah Kementerian Hukum dan Ham (Kemenkum HAM) Provinsi B",
ppkm darurat warga negara asing dilarang masuk,TF-IDF,6,2356,0.3329946511679985,6,0.8571428571428571,Pemerintah Indonesia telah melarang Tenaga Kerja Asing (TKA) masuk ke Tanah Air. Bandara yang dikelola PT Angkasa Pura II (Persero) pun turut melakukan pembatasan masuk terhadap Warga Negara Asing (WN,
ppkm darurat warga negara asing dilarang masuk,TF-IDF,7,4356,0.3224263147215878,5,0.7142857142857143,Kebijakan pelarangan Tenaga Kerja Asing (TKA) masuk Indonesia selama Pemberlakukan Pembatasan kegiatan Masyarakat (PPKM) tidak akan berjalan efektif. Hal tersebut karena masih ada pengecualian-pengecu,
ppkm darurat warga negara asing dilarang masuk,TF-IDF,8,1236,0.31434093955799497,4,0.5714285714285714,Pemerintah memutuskan melarang Tenaga Kerja Asing (TKA) masuk ke Indonesia selama Pemberlakuan Pembatasan Kegiatan Masyarakat (PPKM). Pelarangan itu termasuk bagi TKA di proyek strategis nasional. Wak,
ppkm darurat warga negara asing dilarang masuk,TF-IDF,9,7886,0.3142512776625906,5,0.7142857142857143,"  Direktorat Jenderal (Ditjen) Imigrasi Kementerian Hukum dan Hak Asasi Manusia (Kemenkumham) menyebutkan, 34 tenaga kerja asing (TKA) asal China yang masuk ke Indonesia pada Sabtu (7/8) sudah mengant",
ppkm darurat warga negara asing dilarang masuk,TF-IDF,10,11203,0.3094204430020781,5,0.7142857142857143,  Kepala Kantor Wilayah Kementerian Hukum dan HAM (Kemenkumham) Bali Jamaruli Manihuruk menegaskan pihaknya akan langsung mendeportasi warga negara asing (WNA) yang melanggar protokol kesehatan (proke,
ppkm darurat warga negara asing dilarang masuk,Word2Vec (TF-IDF weighted),1,0,0.8960985457242153,6,0.8571428571428571,"Pemerintah melalui Menteri Hukum dan Hak Asasi Manusia atau Menkumham Yasonna H Laoly memperluas pembatasan terhadap warga negara asing alias WNA yang boleh masuk wilayah Indonesia. Terutama, melarang",
ppkm darurat warga negara asing dilarang masuk,Word2Vec (TF-IDF weighted),2,1236,0.8730343882115603,4,0.5714285714285714,Pemerintah memutuskan melarang Tenaga Kerja Asing (TKA) masuk ke Indonesia selama Pemberlakuan Pembatasan Kegiatan Masyarakat (PPKM). Pelarangan itu termasuk bagi TKA di proyek strategis nasional. Wak,
ppkm darurat warga negara asing dilarang masuk,Word2Vec (TF-IDF weighted),3,3740,0.8716500614031742,4,0.5714285714285714,"Anggota Komisi IX DPR RI, Rahmad Handoyo mengapresiasi keputusan pemerintah terkait pembatasan tenaga kerja asing (TKA) masuk ke wilayah Indonesia di tengah lonjakan kasus Covid-19. Menurut dia, kebij",
ppkm darurat warga negara asing dilarang masuk,Word2Vec (TF-IDF weighted),4,4350,0.8672776127991311,7,1.0," Masuknya Tenaga Kerja Asing (TKA) ke Indonesia terus menjadi sorotan masyarakat. Sebut saja ketika 20 orang pekerja asing asal China dikabarkan masuk ke Indonesia melalui Bandara Sultan Hasanuddin, M",
ppkm darurat warga negara asing dilarang masuk,Word2Vec (TF-IDF weighted),5,4356,0.8647893218017499,5,0.7142857142857143,Kebijakan pelarangan Tenaga Kerja Asing (TKA) masuk Indonesia selama Pemberlakukan Pembatasan kegiatan Masyarakat (PPKM) tidak akan berjalan efektif. Hal tersebut karena masih ada pengecualian-pengecu,
ppkm darurat warga negara asing dilarang masuk,Word2Vec (TF-IDF weighted),6,4380,0.8628270398136502,4,0.5714285714285714, Pemerintah melarang orang asing termasuk pekerja asing masuk ke wilayah Indonesia. Larangan berlaku mulai 21 Juli 2021 namun ada masa tenggang selama 2 hari untuk sosialisasi dan koordinasi. Menteri ,
ppkm darurat warga negara asing dilarang masuk,Word2Vec (TF-IDF weighted),7,11374,0.861755904090149,3,0.42857142857142855,"  Gubernur Bali Wayan Koster mengaku, setiap ada kejadian di Bali yang melanggar Protokol Kesehatan (Protkes) selalu mendapatkan teguran dari para menteri di Jakarta. Terutama, pelanggaran prokes yang",
ppkm darurat warga negara asing dilarang masuk,Word2Vec (TF-IDF weighted),8,3026,0.8609164700214451,6,0.8571428571428571,"Wakil Ketua MPR Zulkifli Hasan alias Zulhas menyampaikan bahwa penerapan PPKM Darurat di Jawa dan Bali merupakan langkah pemerintah yang mesti didukung semua pihak. Hanya saja, dia menyoroti kabar mas",
ppkm darurat warga negara asing dilarang masuk,Word2Vec (TF-IDF weighted),9,4374,0.8608245722141463,4,0.5714285714285714, Pemerintah melarang orang asing termasuk pekerja asing masuk ke Indonesia mulai 21 Juli 2021. Larangan berlaku seiring pemberlakuan pembatasan yang saat ini disebut PPKM Level 3 dan PPKM Level 4. Nam,
ppkm darurat warga negara asing dilarang masuk,Word2Vec (TF-IDF weighted),10,11375,0.8590876678570138,5,0.7142857142857143,"  Seorang perempuan Warga Negara Asing (WNA) asal Rusia, Leia Se (25), yang melukis wajahnya menyerupai masker untuk mengelabui petugas keamanan, akhirnya dideportasi Imigrasi Bali. Dia dikembalikan k",
ppkm darurat warga negara asing dilarang masuk,QL (No Smoothing),1,3337,-30.283445945981768,7,1.0," Hoaks seputar Pemberlakuan Pembatasan Kegiatan Masyarakat (PPKM) Darurat beredar di media sosial dengan beragam bentuk, salah satunya ada video. Biasanya, informasi palsu tersebut dikemas dengan kete",
ppkm darurat warga negara asing dilarang masuk,QL (No Smoothing),2,4355,-30.48503241879971,7,1.0," Pengamat Kebijakan Publik Trubus Rahadiansyah mengatakan, Indonesia bisa mencontoh negara Selandia Baru dalam penanganan pandemi covid-19. Disana pembatasan kegiatan masyarakat benar-benar ketat. “Ya",
ppkm darurat warga negara asing dilarang masuk,QL (No Smoothing),3,10256,-31.014045341050466,7,1.0,  Kantor Imigrasi Kelas 1 Khusus Bandara Soekarno-Hatta (Soetta) menolak masuk kedatangan 19 warga negara asing (WNA) ke Indonesia melalui Bandara Soekarno-Hatta selama sepekan pemberlakuan PPKM Darur,
ppkm darurat warga negara asing dilarang masuk,QL (No Smoothing),4,4350,-32.54940709861668,7,1.0," Masuknya Tenaga Kerja Asing (TKA) ke Indonesia terus menjadi sorotan masyarakat. Sebut saja ketika 20 orang pekerja asing asal China dikabarkan masuk ke Indonesia melalui Bandara Sultan Hasanuddin, M",
ppkm darurat warga negara asing dilarang masuk,QL (Laplace),1,4350,-62.37690440031237,7,1.0," Masuknya Tenaga Kerja Asing (TKA) ke Indonesia terus menjadi sorotan masyarakat. Sebut saja ketika 20 orang pekerja asing asal China dikabarkan masuk ke Indonesia melalui Bandara Sultan Hasanuddin, M",
ppkm darurat warga negara asing dilarang masuk,QL (Laplace),2,3337,-67.32687572130419,7,1.0," Hoaks seputar Pemberlakuan Pembatasan Kegiatan Masyarakat (PPKM) Darurat beredar di media sosial dengan beragam bentuk, salah satunya ada video. Biasanya, informasi palsu tersebut dikemas dengan kete",
ppkm darurat warga negara asing dilarang masuk,QL (Laplace),3,3370,-69.00258772803411,6,0.8571428571428571," Informasi hoaks semakin banyak beredar di media sosial dengan bergam bentuknya, dalam sepekan informasi yang beredar tersebut dari seputar  Penerapan Pembatasan Kegiatan Masyarakat (PPKM) Darurat hin",
ppkm darurat warga negara asing dilarang masuk,QL (Laplace),4,3392,-69.516906728433,6,0.8571428571428571," Cek Fakta Liputan6.com mendapati klaim video Warga Negara Asing (WNA) masuk Indonesia lewat Bandara Soekarno-Hatta (Soetta) saat PPKM darurat. Klaim tersebut diunggah oleh akun Video In the word, pad",
ppkm darurat warga negara asing dilarang masuk,QL (Laplace),5,5229,-69.90006255205746,6,0.8571428571428571,  Pemerintah belum menutup pintu perjalanan internasional di tengah penyelenggaraan PPKM Darurat. Masuknya warga negara asing (WNA) ke Indonesia dinilai menimbulkan kecemburuan di masyarakat. Sebab it,
ppkm darurat warga negara asing dilarang masuk,QL (Laplace),6,4458,-69.93443321562724,5,0.7142857142857143,"Pandemi covid-19 belum juga mereda. Bahkan di Indonesia jumlah kasus positif terus melonjak dan mencetak rekor baru. Pemerintah pun menyiapkan beberapa skenario untuk menahan laju penyebaran, salah sa",
ppkm darurat warga negara asing dilarang masuk,QL (Laplace),7,1384,-70.18865904201283,6,0.8571428571428571,Sejumlah imbauan dikeluarkan jelang Hari Raya Idul Adha 1442 Hijriah yang jatuh pada Selasa 20 Juli 2021. Imbauan ini dikeluarkan mengingat kasus Covid-19 di Indonesia yang masih tinggi. Salah satunya,
ppkm darurat warga negara asing dilarang masuk,QL (Laplace),8,1370,-70.60803567343889,5,0.7142857142857143,"Penerapan Pembatasan Kegiatan Masyarakat atau PPKM Darurat telah berakhir pada Selasa 20 Juli 2021. Namun, Pemerintah telah resmi memperpanjangnya hingga 25 Juli 2021 mendatang. Pro dan kontra pun ber",
ppkm darurat warga negara asing dilarang masuk,QL (Laplace),9,3670,-70.84177466456165,6,0.8571428571428571,"Penerapan Pemberlakuan Pembatasan Kegiatan Masyarakat (PPKM) Darurat berpengaruh terhadap jumlah penumpang di Bandara Internasional Soekarno Hatta, Tangerang. Tercatat, pada Senin, 5 Juli 2021, jumlah",
ppkm darurat warga negara asing dilarang masuk,QL (Laplace),10,13571,-70.98867181558249,6,0.8571428571428571,"  Pemerintah telah memberlakukan pemberlakuan pembatasan kegiatan masyarakat (PPKM) darurat di Pulau Jawa dan Bali sejak 3-20 Juli 2021, menekan laju penyebaran Covid-19. Hal ini juga ditindaklanjuti ",
ppkm darurat warga negara asing dilarang masuk,QL (Linear Interpolation),1,3337,-34.32529146599308,7,1.0," Hoaks seputar Pemberlakuan Pembatasan Kegiatan Masyarakat (PPKM) Darurat beredar di media sosial dengan beragam bentuk, salah satunya ada video. Biasanya, informasi palsu tersebut dikemas dengan kete",
ppkm darurat warga negara asing dilarang masuk,QL (Linear Interpolation),2,4355,-34.46150341680367,7,1.0," Pengamat Kebijakan Publik Trubus Rahadiansyah mengatakan, Indonesia bisa mencontoh negara Selandia Baru dalam penanganan pandemi covid-19. Disana pembatasan kegiatan masyarakat benar-benar ketat. “Ya",
ppkm darurat warga negara asing dilarang masuk,QL (Linear Interpolation),3,10256,-35.013898495974644,7,1.0,  Kantor Imigrasi Kelas 1 Khusus Bandara Soekarno-Hatta (Soetta) menolak masuk kedatangan 19 warga negara asing (WNA) ke Indonesia melalui Bandara Soekarno-Hatta selama sepekan pemberlakuan PPKM Darur,
ppkm darurat warga negara asing dilarang masuk,QL (Linear Interpolation),4,4350,-36.085162275353156,7,1.0," Masuknya Tenaga Kerja Asing (TKA) ke Indonesia terus menjadi sorotan masyarakat. Sebut saja ketika 20 orang pekerja asing asal China dikabarkan masuk ke Indonesia melalui Bandara Sultan Hasanuddin, M",
ppkm darurat warga negara asing dilarang masuk,QL (Linear Interpolation),5,0,-36.19906034464531,6,0.8571428571428571,"Pemerintah melalui Menteri Hukum dan Hak Asasi Manusia atau Menkumham Yasonna H Laoly memperluas pembatasan terhadap warga negara asing alias WNA yang boleh masuk wilayah Indonesia. Terutama, melarang",
ppkm darurat warga negara asing dilarang masuk,QL (Linear Interpolation),6,4356,-36.903014615008075,5,0.7142857142857143,Kebijakan pelarangan Tenaga Kerja Asing (TKA) masuk Indonesia selama Pemberlakukan Pembatasan kegiatan Masyarakat (PPKM) tidak akan berjalan efektif. Hal tersebut karena masih ada pengecualian-pengecu,
ppkm darurat warga negara asing dilarang masuk,QL (Linear Interpolation),7,3026,-37.18643533189286,6,0.8571428571428571,"Wakil Ketua MPR Zulkifli Hasan alias Zulhas menyampaikan bahwa penerapan PPKM Darurat di Jawa dan Bali merupakan langkah pemerintah yang mesti didukung semua pihak. Hanya saja, dia menyoroti kabar mas",
ppkm darurat warga negara asing dilarang masuk,QL (Linear Interpolation),8,5229,-37.58595436284218,6,0.8571428571428571,  Pemerintah belum menutup pintu perjalanan internasional di tengah penyelenggaraan PPKM Darurat. Masuknya warga negara asing (WNA) ke Indonesia dinilai menimbulkan kecemburuan di masyarakat. Sebab it,
ppkm darurat warga negara asing dilarang masuk,QL (Linear Interpolation),9,3392,-37.64376119944744,6,0.8571428571428571," Cek Fakta Liputan6.com mendapati klaim video Warga Negara Asing (WNA) masuk Indonesia lewat Bandara Soekarno-Hatta (Soetta) saat PPKM darurat. Klaim tersebut diunggah oleh akun Video In the word, pad",
ppkm darurat warga negara asing dilarang masuk,QL (Linear Interpolation),10,3387,-37.66927575428303,6,0.8571428571428571,"Di tengah pemberlakuan Pembatasan Kegiatan Masyarakat (PPKM) Darurat untuk menekan lonjakan kasus Covid-19 di wilayah Jawa dan Bali, beredar video yang diklaim Warga Negara Asing (WNA) masuk Indonesia",
olimpiade tokyo bulu tangkis indonesia medali,TF,1,1,0.7324591117359136,6,1.0,"Bulu Tangkis menjadi andalan Indonesia berburu medali di Olimpiade Tokyo 2020. Cabang olahraga atau cabor ini digelar pada 24 Juli hingga 2 Agustus 2021. Tidak tanggung-tanggung, dari 28 atlet Indones",
olimpiade tokyo bulu tangkis indonesia medali,TF,2,4318,0.5371537556661289,5,0.8333333333333334, Para atlet bulu tangkis Indonesia sebentar lagi akan turun bertanding di Olimpiade 2020 di Tokyo Jepang. Jonatan Christie dan kawan-kawan sudah terbang ke Jepang untuk menjalani training camp di Pref,
olimpiade tokyo bulu tangkis indonesia medali,TF,3,1988,0.48012876093330564,6,1.0,Atlet Indonesia yang meraih medali di Olimpiade Tokyo 2020 bakal mendapatkan bonus dari dari CEO J99 Corp (Juragan 99) Gilang Widya Pramana. Sosok yang dikenal sebagai Crazy Rich Malang itu ingin memb,
olimpiade tokyo bulu tangkis indonesia medali,TF,4,1195,0.4630392641385862,5,0.8333333333333334,"Tim bulu tangkis Indonesia yang akan berlaga pada Olimpiade Tokyo 2020 telah bergabung dengan kontingen Merah Putih di perkampungan atlet, Senin (19/7/2021). Pasukan tepok bulu ini disambut langsung o",
olimpiade tokyo bulu tangkis indonesia medali,TF,5,12912,0.4629380025477479,6,1.0,"  Olimpiade Tokyo 2020 baru saja berakhir, namun keseruannya masih membekas. Pesta olahraga empat tahunan ini memang dinikmati oleh seluruh masyarakat di dunia, tak terkecuali Indonesia. Andi Mallaran",
olimpiade tokyo bulu tangkis indonesia medali,TF,6,1979,0.4589312896650156,6,1.0,"Pertama kali mengikuti Olimpiade pada 1952 di Helsinki, Finlandia, Indonesia harus menunggu cukup lama untuk merasakan kenikmatan naik podium. Momen yang ditunggu akhirnya datang pada Seoul 1988. Trio",
olimpiade tokyo bulu tangkis indonesia medali,TF,7,979,0.45833333333333337,6,1.0, Menteri BUMN sekaligus Anggota International Olympic Committee (IOC) Erick Thohir memberikan semangat kepada para atlet Merah Putih yang saat ini tengah berlaga di Olimpiade Tokyo 2020. Indonesia men,
olimpiade tokyo bulu tangkis indonesia medali,TF,8,1972,0.4513354669242201,4,0.6666666666666666,"Olimpiade Tokyo 2020 berlangsung pada 23 Juli hingga 8 Agustus 2021. Indonesia ikut serta. Para atlet kontingen Merah Putih berburu medali. Secara bertahap mereka tiba di Tokyo, Jepang. Protokol keseh",
olimpiade tokyo bulu tangkis indonesia medali,TF,9,12957,0.4343381386236738,6,1.0,  Sejumlah atlet cabang bulu tangkis Indonesia berlaga di Olimpiade Tokyo pada Rabu (28/7). Seluruh laga Timnas Badminton Indonesia tersebut disiarkan secara live sejak pagi hari oleh Indosiar. Laga d,
olimpiade tokyo bulu tangkis indonesia medali,TF,10,12968,0.41385525902751724,6,1.0,"  Masyarakat Indonesia menaruh harapan tinggi pada Kontingen Bulu Tangkis di ajang Olimpiade Tokyo 2020. Hingga Senin (26/7), perjuangan Kontingen Bulu Tangkis Indonesia masih berjalan mulus sesuai ek",
olimpiade tokyo bulu tangkis indonesia medali,TF-IDF,1,1,0.708629557660893,6,1.0,"Bulu Tangkis menjadi andalan Indonesia berburu medali di Olimpiade Tokyo 2020. Cabang olahraga atau cabor ini digelar pada 24 Juli hingga 2 Agustus 2021. Tidak tanggung-tanggung, dari 28 atlet Indones",
olimpiade tokyo bulu tangkis indonesia medali,TF-IDF,2,4318,0.4608568366535229,5,0.8333333333333334, Para atlet bulu tangkis Indonesia sebentar lagi akan turun bertanding di Olimpiade 2020 di Tokyo Jepang. Jonatan Christie dan kawan-kawan sudah terbang ke Jepang untuk menjalani training camp di Pref,
olimpiade tokyo bulu tangkis indonesia medali,TF-IDF,3,12912,0.43799462580500226,6,1.0,"  Olimpiade Tokyo 2020 baru saja berakhir, namun keseruannya masih membekas. Pesta olahraga empat tahunan ini memang dinikmati oleh seluruh masyarakat di dunia, tak terkecuali Indonesia. Andi Mallaran",
olimpiade tokyo bulu tangkis indonesia medali,TF-IDF,4,1972,0.4305753534319178,4,0.6666666666666666,"Olimpiade Tokyo 2020 berlangsung pada 23 Juli hingga 8 Agustus 2021. Indonesia ikut serta. Para atlet kontingen Merah Putih berburu medali. Secara bertahap mereka tiba di Tokyo, Jepang. Protokol keseh",
olimpiade tokyo bulu tangkis indonesia medali,TF-IDF,5,1195,0.3927316394450836,5,0.8333333333333334,"Tim bulu tangkis Indonesia yang akan berlaga pada Olimpiade Tokyo 2020 telah bergabung dengan kontingen Merah Putih di perkampungan atlet, Senin (19/7/2021). Pasukan tepok bulu ini disambut langsung o",
olimpiade tokyo bulu tangkis indonesia medali,TF-IDF,6,979,0.38531714339411083,6,1.0, Menteri BUMN sekaligus Anggota International Olympic Committee (IOC) Erick Thohir memberikan semangat kepada para atlet Merah Putih yang saat ini tengah berlaga di Olimpiade Tokyo 2020. Indonesia men,
olimpiade tokyo bulu tangkis indonesia medali,TF-IDF,7,1988,0.3829118798691208,6,1.0,Atlet Indonesia yang meraih medali di Olimpiade Tokyo 2020 bakal mendapatkan bonus dari dari CEO J99 Corp (Juragan 99) Gilang Widya Pramana. Sosok yang dikenal sebagai Crazy Rich Malang itu ingin memb,
olimpiade tokyo bulu tangkis indonesia medali,TF-IDF,8,1194,0.3784241501113326,6,1.0,Indonesia mengirimkan tujuh wakil ke cabang bulu tangkis Olimpiade Tokyo 2020. Pertandingan tepok bulu ini akan berlangsung mulai 24 Juli hingga 2 Agustus 2021. Para pebulu tangkis Indonesia bertekad ,
olimpiade tokyo bulu tangkis indonesia medali,TF-IDF,9,4314,0.3736839189341809,2,0.3333333333333333," Olimpiade 2020 sebentar lagi akan dimulai. Ajang empat tahunan itu rencananya akan digelar mulai 23 Juli 2021 sampai 8 Agustus 2021 di Tokyo, Jepang. Penyelenggaraan Olimpiade 2020 terpaksa mundur sa",
olimpiade tokyo bulu tangkis indonesia medali,TF-IDF,10,4304,0.3721980029140619,3,0.5," Olimpiade 2020 sebentar lagi akan dimulai setelah ditunda selama satu tahun. Berbicara Olimpiade, tentu nama perenang Amerika Serikat Michael Phelps akan selalu dibicarakan. Phelps merupakan atlet te",
olimpiade tokyo bulu tangkis indonesia medali,Word2Vec (TF-IDF weighted),1,1,0.9886394636690852,6,1.0,"Bulu Tangkis menjadi andalan Indonesia berburu medali di Olimpiade Tokyo 2020. Cabang olahraga atau cabor ini digelar pada 24 Juli hingga 2 Agustus 2021. Tidak tanggung-tanggung, dari 28 atlet Indones",
olimpiade tokyo bulu tangkis indonesia medali,Word2Vec (TF-IDF weighted),2,35,0.9523691071774593,3,0.5," Mantan pelari dunia, Usain Bolt, mengaku kecewa dengan perkembangan sprint putra Jamaika sejak ia pensiun. Bolt memperkirakan rekan senegaranya akan kesulitan di Olimpiade Tokyo 2020 setelah dominasi",
olimpiade tokyo bulu tangkis indonesia medali,Word2Vec (TF-IDF weighted),3,12912,0.950929919514802,6,1.0,"  Olimpiade Tokyo 2020 baru saja berakhir, namun keseruannya masih membekas. Pesta olahraga empat tahunan ini memang dinikmati oleh seluruh masyarakat di dunia, tak terkecuali Indonesia. Andi Mallaran",
olimpiade tokyo bulu tangkis indonesia medali,Word2Vec (TF-IDF weighted),4,9953,0.9497300732942482,4,0.6666666666666666,"  Pasangan ganda putri andalan Indonesia, Greysia Polii dan Apriyani Rahayu sukses meraih medali emas Olimpiade Tokyo 2020. Bertanding di Musashino Forest Plaza, Tokyo, keduanya berhasil mengalahkan p",
olimpiade tokyo bulu tangkis indonesia medali,Word2Vec (TF-IDF weighted),5,12,0.9323765313866426,6,1.0," Indonesia gagal meraih hasil terbaik di cabang olah raga (cabor) menembak Olimpiade Tokyo 2020. Atlet menembak putri Indonesia, Vidya Rafika Toyyiba, yang tampil di 10 meter air rifle gagal lolos ke ",
olimpiade tokyo bulu tangkis indonesia medali,Word2Vec (TF-IDF weighted),6,12957,0.9322202826450463,6,1.0,  Sejumlah atlet cabang bulu tangkis Indonesia berlaga di Olimpiade Tokyo pada Rabu (28/7). Seluruh laga Timnas Badminton Indonesia tersebut disiarkan secara live sejak pagi hari oleh Indosiar. Laga d,
olimpiade tokyo bulu tangkis indonesia medali,Word2Vec (TF-IDF weighted),7,4285,0.9263974830227828,3,0.5," Indonesia dipastikan gagal menjadi tuan rumah Olimpiade 2032. Komite Olimpiade Internasional (IOC) pada Rabu (21/7/2021) mengumumkan Brisbane, Australia, yang akan menggelar Olimpiade 2032. Terpilihn",
olimpiade tokyo bulu tangkis indonesia medali,Word2Vec (TF-IDF weighted),8,2011,0.9163468442020701,3,0.5,"Setelah melakoni tujuh edisi Olimpiade, penantian Indonesia berakhir di Seoul 1988. Kontingen Garuda akhirnya merebut medali. Adalah Nurfitriyana Saiman, Kusuma Wardhani, dan Lilies Handayani yang mem",
olimpiade tokyo bulu tangkis indonesia medali,Word2Vec (TF-IDF weighted),9,12968,0.9160329082362703,6,1.0,"  Masyarakat Indonesia menaruh harapan tinggi pada Kontingen Bulu Tangkis di ajang Olimpiade Tokyo 2020. Hingga Senin (26/7), perjuangan Kontingen Bulu Tangkis Indonesia masih berjalan mulus sesuai ek",
olimpiade tokyo bulu tangkis indonesia medali,Word2Vec (TF-IDF weighted),10,1979,0.9106666005796438,6,1.0,"Pertama kali mengikuti Olimpiade pada 1952 di Helsinki, Finlandia, Indonesia harus menunggu cukup lama untuk merasakan kenikmatan naik podium. Momen yang ditunggu akhirnya datang pada Seoul 1988. Trio",
olimpiade tokyo bulu tangkis indonesia medali,QL (No Smoothing),1,1,-18.239142348540273,6,1.0,"Bulu Tangkis menjadi andalan Indonesia berburu medali di Olimpiade Tokyo 2020. Cabang olahraga atau cabor ini digelar pada 24 Juli hingga 2 Agustus 2021. Tidak tanggung-tanggung, dari 28 atlet Indones",
olimpiade tokyo bulu tangkis indonesia medali,QL (No Smoothing),2,1988,-23.208231873582303,6,1.0,Atlet Indonesia yang meraih medali di Olimpiade Tokyo 2020 bakal mendapatkan bonus dari dari CEO J99 Corp (Juragan 99) Gilang Widya Pramana. Sosok yang dikenal sebagai Crazy Rich Malang itu ingin memb,
olimpiade tokyo bulu tangkis indonesia medali,QL (No Smoothing),3,12957,-24.440747617794447,6,1.0,  Sejumlah atlet cabang bulu tangkis Indonesia berlaga di Olimpiade Tokyo pada Rabu (28/7). Seluruh laga Timnas Badminton Indonesia tersebut disiarkan secara live sejak pagi hari oleh Indosiar. Laga d,
olimpiade tokyo bulu tangkis indonesia medali,QL (No Smoothing),4,979,-24.44715582429642,6,1.0, Menteri BUMN sekaligus Anggota International Olympic Committee (IOC) Erick Thohir memberikan semangat kepada para atlet Merah Putih yang saat ini tengah berlaga di Olimpiade Tokyo 2020. Indonesia men,
olimpiade tokyo bulu tangkis indonesia medali,QL (No Smoothing),5,12941,-24.59839175927161,6,1.0,  Kontingen Indonesia akhirnya meraih emas pertama pada gelaran Olimpiade Tokyo 2020 melalui cabang olahraga bulu tangkis. Medali emas diperoleh pasangan ganda putri Greysia Polii/Apriyani Rahayu yang,
olimpiade tokyo bulu tangkis indonesia medali,QL (No Smoothing),6,1194,-24.790679854187534,6,1.0,Indonesia mengirimkan tujuh wakil ke cabang bulu tangkis Olimpiade Tokyo 2020. Pertandingan tepok bulu ini akan berlangsung mulai 24 Juli hingga 2 Agustus 2021. Para pebulu tangkis Indonesia bertekad ,
olimpiade tokyo bulu tangkis indonesia medali,QL (No Smoothing),7,5893,-24.798130378567755,6,1.0,  Kontingen Indonesia akhirnya meraih emas pertama pada gelaran Olimpiade Tokyo 2020 melalui cabang olahraga bulu tangkis. Medali emas diperoleh pasangan ganda putri Greysia Polii/Apriyani Rahayu yang,
olimpiade tokyo bulu tangkis indonesia medali,QL (No Smoothing),8,1979,-25.882567819984885,6,1.0,"Pertama kali mengikuti Olimpiade pada 1952 di Helsinki, Finlandia, Indonesia harus menunggu cukup lama untuk merasakan kenikmatan naik podium. Momen yang ditunggu akhirnya datang pada Seoul 1988. Trio",
olimpiade tokyo bulu tangkis indonesia medali,QL (No Smoothing),9,5892,-26.036634496850187,6,1.0,"  Menteri Pariwisata dan Ekonomi Kreatif, Sandiaga Uno turut larut dalam kemenangan pemain bulu tangkis ganda putri Indonesia Greysia Polii dan Apriyani Rahayu merebut medali emas di Olimpiade Tokyo. ",
olimpiade tokyo bulu tangkis indonesia medali,QL (No Smoothing),10,12968,-26.36863629973364,6,1.0,"  Masyarakat Indonesia menaruh harapan tinggi pada Kontingen Bulu Tangkis di ajang Olimpiade Tokyo 2020. Hingga Senin (26/7), perjuangan Kontingen Bulu Tangkis Indonesia masih berjalan mulus sesuai ek",
olimpiade tokyo bulu tangkis indonesia medali,QL (Laplace),1,12912,-55.55916078923315,6,1.0,"  Olimpiade Tokyo 2020 baru saja berakhir, namun keseruannya masih membekas. Pesta olahraga empat tahunan ini memang dinikmati oleh seluruh masyarakat di dunia, tak terkecuali Indonesia. Andi Mallaran",
olimpiade tokyo bulu tangkis indonesia medali,QL (Laplace),2,1194,-56.54858225290838,6,1.0,Indonesia mengirimkan tujuh wakil ke cabang bulu tangkis Olimpiade Tokyo 2020. Pertandingan tepok bulu ini akan berlangsung mulai 24 Juli hingga 2 Agustus 2021. Para pebulu tangkis Indonesia bertekad ,
olimpiade tokyo bulu tangkis indonesia medali,QL (Laplace),3,7328,-56.78553977164415,6,1.0,"  PT. ELANG MAHKOTA TEKNOLOGI, Tbk (EMTEK) menggelar acara amal yang bertajuk 'Konser Amal Indonesia Tangguh'. Acara ini disiarkan secara serentak di stasiun TV swasta SCTV, INDOSIAR, O'Channel, dan a",
olimpiade tokyo bulu tangkis indonesia medali,QL (Laplace),4,12968,-57.18832697120246,6,1.0,"  Masyarakat Indonesia menaruh harapan tinggi pada Kontingen Bulu Tangkis di ajang Olimpiade Tokyo 2020. Hingga Senin (26/7), perjuangan Kontingen Bulu Tangkis Indonesia masih berjalan mulus sesuai ek",
olimpiade tokyo bulu tangkis indonesia medali,QL (Laplace),5,4318,-58.95193284178234,5,0.8333333333333334, Para atlet bulu tangkis Indonesia sebentar lagi akan turun bertanding di Olimpiade 2020 di Tokyo Jepang. Jonatan Christie dan kawan-kawan sudah terbang ke Jepang untuk menjalani training camp di Pref,
olimpiade tokyo bulu tangkis indonesia medali,QL (Laplace),6,12957,-59.49157368971139,6,1.0,  Sejumlah atlet cabang bulu tangkis Indonesia berlaga di Olimpiade Tokyo pada Rabu (28/7). Seluruh laga Timnas Badminton Indonesia tersebut disiarkan secara live sejak pagi hari oleh Indosiar. Laga d,
olimpiade tokyo bulu tangkis indonesia medali,QL (Laplace),7,1180,-59.88966066353684,6,1.0,Cabang bulu tangkis Olimpiade Tokyo 2020 mulai dipertandingkan pada 24 Juli hingga 2 Agustus 2021. Pertandingan akan dimainkan di Musashino Forest Sport Plaza. Indonesia memiliki tujuh wakil pada Olim,
olimpiade tokyo bulu tangkis indonesia medali,QL (Laplace),8,1187,-60.263496165794166,6,1.0,Berikut jadwal bulu tangkis Olimpiade Tokyo 2020. Bulu tangkis akan dimainkan di Musashino Forest Sport Plaza mulai 24 Juli hingga 2 Agustus 2021. Greysia Polii / Apriyani Rahayu akan memulai perjuang,
olimpiade tokyo bulu tangkis indonesia medali,QL (Laplace),9,17,-60.3366983693295,6,1.0," Perjuangan Indonesia di cabang bulu tangkis Olimpiade Tokyo 2020 akan mulai hari ini, Sabtu (24/7/2021). Pertandingan yang akan dimainkan di Musashino Forest Sport Plaza ini, akan berlangsung hingga ",
olimpiade tokyo bulu tangkis indonesia medali,QL (Laplace),10,9953,-60.36477975615498,4,0.6666666666666666,"  Pasangan ganda putri andalan Indonesia, Greysia Polii dan Apriyani Rahayu sukses meraih medali emas Olimpiade Tokyo 2020. Bertanding di Musashino Forest Plaza, Tokyo, keduanya berhasil mengalahkan p",
olimpiade tokyo bulu tangkis indonesia medali,QL (Linear Interpolation),1,1,-22.310341346460717,6,1.0,"Bulu Tangkis menjadi andalan Indonesia berburu medali di Olimpiade Tokyo 2020. Cabang olahraga atau cabor ini digelar pada 24 Juli hingga 2 Agustus 2021. Tidak tanggung-tanggung, dari 28 atlet Indones",
olimpiade tokyo bulu tangkis indonesia medali,QL (Linear Interpolation),2,1988,-27.26831623507832,6,1.0,Atlet Indonesia yang meraih medali di Olimpiade Tokyo 2020 bakal mendapatkan bonus dari dari CEO J99 Corp (Juragan 99) Gilang Widya Pramana. Sosok yang dikenal sebagai Crazy Rich Malang itu ingin memb,
olimpiade tokyo bulu tangkis indonesia medali,QL (Linear Interpolation),3,12957,-28.43006564270573,6,1.0,  Sejumlah atlet cabang bulu tangkis Indonesia berlaga di Olimpiade Tokyo pada Rabu (28/7). Seluruh laga Timnas Badminton Indonesia tersebut disiarkan secara live sejak pagi hari oleh Indosiar. Laga d,
olimpiade tokyo bulu tangkis indonesia medali,QL (Linear Interpolation),4,979,-28.492564093573467,6,1.0, Menteri BUMN sekaligus Anggota International Olympic Committee (IOC) Erick Thohir memberikan semangat kepada para atlet Merah Putih yang saat ini tengah berlaga di Olimpiade Tokyo 2020. Indonesia men,
olimpiade tokyo bulu tangkis indonesia medali,QL (Linear Interpolation),5,12941,-28.599608610927337,6,1.0,  Kontingen Indonesia akhirnya meraih emas pertama pada gelaran Olimpiade Tokyo 2020 melalui cabang olahraga bulu tangkis. Medali emas diperoleh pasangan ganda putri Greysia Polii/Apriyani Rahayu yang,
olimpiade tokyo bulu tangkis indonesia medali,QL (Linear Interpolation),6,1194,-28.671702006513623,6,1.0,Indonesia mengirimkan tujuh wakil ke cabang bulu tangkis Olimpiade Tokyo 2020. Pertandingan tepok bulu ini akan berlangsung mulai 24 Juli hingga 2 Agustus 2021. Para pebulu tangkis Indonesia bertekad ,
olimpiade tokyo bulu tangkis indonesia medali,QL (Linear Interpolation),7,5893,-28.717006851346007,6,1.0,  Kontingen Indonesia akhirnya meraih emas pertama pada gelaran Olimpiade Tokyo 2020 melalui cabang olahraga bulu tangkis. Medali emas diperoleh pasangan ganda putri Greysia Polii/Apriyani Rahayu yang,
olimpiade tokyo bulu tangkis indonesia medali,QL (Linear Interpolation),8,1979,-29.89789127217084,6,1.0,"Pertama kali mengikuti Olimpiade pada 1952 di Helsinki, Finlandia, Indonesia harus menunggu cukup lama untuk merasakan kenikmatan naik podium. Momen yang ditunggu akhirnya datang pada Seoul 1988. Trio",
olimpiade tokyo bulu tangkis indonesia medali,QL (Linear Interpolation),9,5892,-29.992202830291447,6,1.0,"  Menteri Pariwisata dan Ekonomi Kreatif, Sandiaga Uno turut larut dalam kemenangan pemain bulu tangkis ganda putri Indonesia Greysia Polii dan Apriyani Rahayu merebut medali emas di Olimpiade Tokyo. ",
olimpiade tokyo bulu tangkis indonesia medali,QL (Linear Interpolation),10,12968,-30.343740618333452,6,1.0,"  Masyarakat Indonesia menaruh harapan tinggi pada Kontingen Bulu Tangkis di ajang Olimpiade Tokyo 2020. Hingga Senin (26/7), perjuangan Kontingen Bulu Tangkis Indonesia masih berjalan mulus sesuai ek",
covid 19 isolasi mandiri protokol kesehatan,TF,1,13062,0.47413426064251507,5,0.8333333333333334,  Meningkatnya jumlah orang yang terinfeksi COVID-19 menyebabkan banyak rumah sakit yang kewalahan menangani pasien. Hal ini menyebabkn banyak pasien yang memiliki kondisi cukup baik diminta untuk mel,
covid 19 isolasi mandiri protokol kesehatan,TF,2,97,0.39991839232802967,3,0.5, Center for Indonesia’s Strategic Development Initiatives (CISDI) dan LaporCovid19 mendorong pemerintah melaksanakan 7 rekomendasi untuk mencegah kematian saat isolasi mandiri. Ketujuh rekomendasi ter,
covid 19 isolasi mandiri protokol kesehatan,TF,3,107,0.3761908148267029,3,0.5," Laporan resmi jumlah kematian pasien COVID-19 saat isolasi mandiri diduga masih jauh lebih kecil dibandingkan yang terjadi sebenarnya. Dari percakapan media daring Twitter, laporan aduan, dan pemberi",
covid 19 isolasi mandiri protokol kesehatan,TF,4,6547,0.3597525753130179,3,0.5,  Sebanyak 2.313 orang meninggal dunia saat menjalani isolasi mandiri berdasarkan data dari Komunitas LaporCovid-19. Jumlah tersebut tercatat sejak awal Juni sampai 22 Juli 2021. Dewan Pakar Ikatan Ah,
covid 19 isolasi mandiri protokol kesehatan,TF,5,10365,0.3489315788994266,4,0.6666666666666666,  Pemerintah Kota Tangerang bersama jajaran Satgas Covid-19 terus melakukan pelbagai upaya untuk menekan laju kasus Covid-19. Salah satu langkah antisipasinya dengan menyiapkan penambahan ruang-ruang ,
covid 19 isolasi mandiri protokol kesehatan,TF,6,5178,0.34874291623145787,4,0.6666666666666666,"  Wakil Ketua Komisi IX DPR Melki Laka Lena mengingatkan, jika pemerintah ingin melonggarkan PPKM harus dilakukan pengawasan ketat. Khususnya oleh aparat penegak hukum supaya dilaksanakan dengan baik.",
covid 19 isolasi mandiri protokol kesehatan,TF,7,717,0.34752878399891224,5,0.8333333333333334," Pemerintah terus memperbanyak lokasi isolasi mandiri (ishoman) bagi masyarakat yang terjangkit Covid-19. Kementerian Perhubungan (Kemenhub) misalnya, menyiapkan kapal Pelni sebagai tempat ishoman par",
covid 19 isolasi mandiri protokol kesehatan,TF,8,12606,0.34514460361826194,5,0.8333333333333334,"  Kementerian Perhubungan mendukung penanganan kasus Covid-19 di Makassar, Sulawesi Selatan, dengan menyiapkan kapal Pelni sebagai tempat isolasi mandiri para pasien penderita Covid-19 yang bergejala ",
covid 19 isolasi mandiri protokol kesehatan,TF,9,8126,0.34129426447038397,4,0.6666666666666666,"  Peningkatan jumlah kasus positif Covid-19 di Indonesia belakangan cukup signifikan. Bahkan varian virus corona dari India pun telah mewabah di Kudus, Jawa Tengah. Dengan meningkatnya kasus tersebut,",
covid 19 isolasi mandiri protokol kesehatan,TF,10,4855,0.3399533649684772,5,0.8333333333333334," Sebanyak 25 tenaga kesehatan (nakes) di Rumah Sakit Umum Daerah (RSUD) Goeteng Tarunadibrata Purbalingga, terkonfirmasi Covid-19. 12 Orang dinyatakan sudah sembuh, sedang sisanya masih dalam perawata",
covid 19 isolasi mandiri protokol kesehatan,TF-IDF,1,13062,0.46146398937696975,5,0.8333333333333334,  Meningkatnya jumlah orang yang terinfeksi COVID-19 menyebabkan banyak rumah sakit yang kewalahan menangani pasien. Hal ini menyebabkn banyak pasien yang memiliki kondisi cukup baik diminta untuk mel,
covid 19 isolasi mandiri protokol kesehatan,TF-IDF,2,97,0.36696106189237954,3,0.5, Center for Indonesia’s Strategic Development Initiatives (CISDI) dan LaporCovid19 mendorong pemerintah melaksanakan 7 rekomendasi untuk mencegah kematian saat isolasi mandiri. Ketujuh rekomendasi ter,
covid 19 isolasi mandiri protokol kesehatan,TF-IDF,3,107,0.29271176595989995,3,0.5," Laporan resmi jumlah kematian pasien COVID-19 saat isolasi mandiri diduga masih jauh lebih kecil dibandingkan yang terjadi sebenarnya. Dari percakapan media daring Twitter, laporan aduan, dan pemberi",
covid 19 isolasi mandiri protokol kesehatan,TF-IDF,4,6547,0.28931682404173353,3,0.5,  Sebanyak 2.313 orang meninggal dunia saat menjalani isolasi mandiri berdasarkan data dari Komunitas LaporCovid-19. Jumlah tersebut tercatat sejak awal Juni sampai 22 Juli 2021. Dewan Pakar Ikatan Ah,
covid 19 isolasi mandiri protokol kesehatan,TF-IDF,5,5208,0.28927462950074323,4,0.6666666666666666,  Anggota Komisi IX DPR RI Kurniasih Mufidayati meminta pemerintah memberikan perhatian khusus terhadap pasien Covid-19 yang menjalani isolasi mandiri (isoman). Tingkat kematian pasien yang menjalani ,
covid 19 isolasi mandiri protokol kesehatan,TF-IDF,6,8026,0.285230309991545,2,0.3333333333333333,  Isolasi mandiri yang dilakukan oleh orang dengan hasil positif Covid-19 baiknya dibarengi juga dengan isolasi diri dari media sosial. Hal itu disampaikan oleh Ahli Gizi Masyarakat dari FKUI dokter T,
covid 19 isolasi mandiri protokol kesehatan,TF-IDF,7,4047,0.26647810518703147,2,0.3333333333333333, Pemerintah Daerah Provinsi Jawa Barat memperkuat strategi isolasi mandiri baik di rumah maupun pusat isolasi desa/kelurahan. Hal itu berfungsi untuk menekan tingkat keterisian kamar rumah sakit atau ,
covid 19 isolasi mandiri protokol kesehatan,TF-IDF,8,14094,0.2661402223068199,5,0.8333333333333334,"  Indra (bukan nama sebenarnya) masih mengingat jelas saat pertama kali Covid-19 menyambangi rumah dan menjangkiti keluarga kecilnya. Sore itu, smartphone sang istri berdering. Sebuah pesan singkat vi",
covid 19 isolasi mandiri protokol kesehatan,TF-IDF,9,448,0.2617676112350758,4,0.6666666666666666, Karantina dan isolasi merupakan langkah penting untuk mengatasi penyebaran COVID-19. Tren peningkatan kasus COVID-19 dalam beberapa minggu terakhir meningkatkan keterisian tempat tidur rumah sakit di,
covid 19 isolasi mandiri protokol kesehatan,TF-IDF,10,1351,0.2577939493395495,5,0.8333333333333334,Ketua Fraksi PKS DPR RI Jazuli Juwaini mendesak Pemerintah memitigasi sistem kesehatan agar tidak kolaps selama lonjakan covid 19. Ia menyebut sistem kesehatan harus benar-benar mampu menyelamatkan ny,
covid 19 isolasi mandiri protokol kesehatan,Word2Vec (TF-IDF weighted),1,10365,0.8832060167784781,4,0.6666666666666666,  Pemerintah Kota Tangerang bersama jajaran Satgas Covid-19 terus melakukan pelbagai upaya untuk menekan laju kasus Covid-19. Salah satu langkah antisipasinya dengan menyiapkan penambahan ruang-ruang ,
covid 19 isolasi mandiri protokol kesehatan,Word2Vec (TF-IDF weighted),2,3238,0.8791125401336296,3,0.5,"Sejak merebaknya virus corona di penjuru negeri ini sekitar 1,5 tahun terakhir, masih banyak masyarakat yang berpikir bahwa Covid-19 adalah konspirasi. Sementara di sisi lain, pasien Covid-19 yang ter",
covid 19 isolasi mandiri protokol kesehatan,Word2Vec (TF-IDF weighted),3,8148,0.8783491585974423,4,0.6666666666666666,  Satuan Tugas Penanganan Covid-19 Yogyakarta memutuskan melakukan karantina wilayah mikro di dua rukun tetangga (RT) sebagai upaya membatasi mobilitas warga setelah temuan belasan kasus Covid-19 di w,
covid 19 isolasi mandiri protokol kesehatan,Word2Vec (TF-IDF weighted),4,97,0.87719447756336,3,0.5, Center for Indonesia’s Strategic Development Initiatives (CISDI) dan LaporCovid19 mendorong pemerintah melaksanakan 7 rekomendasi untuk mencegah kematian saat isolasi mandiri. Ketujuh rekomendasi ter,
covid 19 isolasi mandiri protokol kesehatan,Word2Vec (TF-IDF weighted),5,6547,0.8765888469844155,3,0.5,  Sebanyak 2.313 orang meninggal dunia saat menjalani isolasi mandiri berdasarkan data dari Komunitas LaporCovid-19. Jumlah tersebut tercatat sejak awal Juni sampai 22 Juli 2021. Dewan Pakar Ikatan Ah,
covid 19 isolasi mandiri protokol kesehatan,Word2Vec (TF-IDF weighted),6,10165,0.8756502443607775,2,0.3333333333333333,"  Total kasus infeksi Virus Corona COVID-19 di seluruh dunia pada hari Minggu, (30/5/2021) telah mencapai angka 169.776.398 kasus, berdasarkan data dari Johns Hopkins University. Ancaman varian baru v",
covid 19 isolasi mandiri protokol kesehatan,Word2Vec (TF-IDF weighted),7,8661,0.8683922711129892,5,0.8333333333333334,  Satgas Penanganan Covid-19 Banyuwangi kembali membuka tempat isolasi terpusat terpusat bagi pasien konfirmasi Covid-19 tanpa gejala. Ini dilakukan seiring dengan meningkatnya kasus aktif di Banyuwan,
covid 19 isolasi mandiri protokol kesehatan,Word2Vec (TF-IDF weighted),8,13831,0.8645694642952377,3,0.5,"  Astrika Aritonang, fokus bekerja sebagai Staff Ticketing di Kantor Perwakilan Maskapai Lion Air Bandung, Jawa Barat. Dia tampak bugar. Setelah dinyatakan sembuh dari Covid-19 pada Minggu, 11 Juli 20",
covid 19 isolasi mandiri protokol kesehatan,Word2Vec (TF-IDF weighted),9,8026,0.8639410561022173,2,0.3333333333333333,  Isolasi mandiri yang dilakukan oleh orang dengan hasil positif Covid-19 baiknya dibarengi juga dengan isolasi diri dari media sosial. Hal itu disampaikan oleh Ahli Gizi Masyarakat dari FKUI dokter T,
covid 19 isolasi mandiri protokol kesehatan,Word2Vec (TF-IDF weighted),10,107,0.8614640770900895,3,0.5," Laporan resmi jumlah kematian pasien COVID-19 saat isolasi mandiri diduga masih jauh lebih kecil dibandingkan yang terjadi sebenarnya. Dari percakapan media daring Twitter, laporan aduan, dan pemberi",
covid 19 isolasi mandiri protokol kesehatan,QL (No Smoothing),1,5255,-28.701182043902776,6,1.0,  Anggota DPR RI Fraksi PAN Guspardi Gaus dilaporkan ke Mahkamah Kehormatan Dewan (MKD) DPR RI. Laporan itu terkait peristiwa Guspardi langsung menghadiri rapat di Kompleks Parlemen tanpa menjalani is,
covid 19 isolasi mandiri protokol kesehatan,QL (No Smoothing),2,5444,-30.082159543906542,6,1.0,  Gubernur Aceh Nova Iriansyah kembali mengeluarkan Instruksi Gubernur (Ingub) yang memperpanjang Pemberlakuan Pembatasan Kegiatan Masyarakat (PPKM) berbasis mikro untuk pengendalian penyebaran Covid-,
covid 19 isolasi mandiri protokol kesehatan,QL (No Smoothing),3,10843,-30.64223253367089,6,1.0,"  Delapan kasus Covid-19 varian delta ditemukan di lima kabupaten/kota Kalimantan Utara (Kaltara). Hal itu dipastikan Juru Bicara Satuan Tugas Penanganan COVID-19 Kalimantan Utara (Kaltara), Agust Suw",
covid 19 isolasi mandiri protokol kesehatan,QL (No Smoothing),4,11708,-30.810107674397187,6,1.0,"  Ketua Umum Partai Persatuan Pembangunan (PPP) Suharso Monoarfa meminta seluruh kader PPP menjadi bagian solusi dari persoalan akibat pandemi Covid-19. Menurut dia, saat ini dibutuhkan fokus pada pok",
covid 19 isolasi mandiri protokol kesehatan,QL (No Smoothing),5,1404,-33.92834240236928,6,1.0,"Juru Bicara Satuan Tugas (Jubir Satgas) Penanganan Covid-19 Prof Wiku Adisasmito kembali menyampaikan perkembangan terkini kasus Corona di Indonesia. Disampaikan Wiku salah satunya, kasus positif Covi",
covid 19 isolasi mandiri protokol kesehatan,QL (No Smoothing),6,12877,-34.01385067306839,6,1.0,"  Sebuah kisah viral di media sosial dari seorang Tenaga Kesehatan, Oktari Dwi Yanti. Dia bercerita, menerima seorang pasien gejala Covid-19 di rumah sakit tempatnya berjaga. Namun pasien keburu menin",
covid 19 isolasi mandiri protokol kesehatan,QL (Laplace),1,12877,-58.398510462414116,6,1.0,"  Sebuah kisah viral di media sosial dari seorang Tenaga Kesehatan, Oktari Dwi Yanti. Dia bercerita, menerima seorang pasien gejala Covid-19 di rumah sakit tempatnya berjaga. Namun pasien keburu menin",
covid 19 isolasi mandiri protokol kesehatan,QL (Laplace),2,14334,-58.8219765755881,5,0.8333333333333334,"  Alasan Pemprov DKI Jakarta kembali menerapkan PSBB ketat lantaran ruang rawat terancam penuh. Tingginya angka jumlah pasien positif tiap harinya, seharusnya membuat waspada. Kesadaran terhadap proto",
covid 19 isolasi mandiri protokol kesehatan,QL (Laplace),3,14338,-59.27780429321312,5,0.8333333333333334,  Kasus baru pasien positif Covid-19 masih belum usai. Segala upaya masih diberlakukan demi menekan angka pertumbuhan. Hadirnya pasien baru memunculkan polemik tersendiri. Khususnya terkait kebutuhan ,
covid 19 isolasi mandiri protokol kesehatan,QL (Laplace),4,13062,-59.71729393806173,5,0.8333333333333334,  Meningkatnya jumlah orang yang terinfeksi COVID-19 menyebabkan banyak rumah sakit yang kewalahan menangani pasien. Hal ini menyebabkn banyak pasien yang memiliki kondisi cukup baik diminta untuk mel,
covid 19 isolasi mandiri protokol kesehatan,QL (Laplace),5,3407,-60.33199081826772,5,0.8333333333333334," Tulisan hoaks tulisan seputar Covid-19 yang mencatut sejumlah nama tokoh beredar di media sosial, kondisi ini tentu akan menyesatkan pihak yang mudah percaya informasi tanpa memastikan kebenarannya t",
covid 19 isolasi mandiri protokol kesehatan,QL (Laplace),6,14335,-60.39637599165029,5,0.8333333333333334,  Dua kali sepekan Gubernur DKI Jakarta Anies Baswedan menggelar rapat. Hasil diskusi kerap menunjukkan angka buruk. Penyebaran virus di Jakarta sulit ditekan. Justru angkanya terus bertumbuh. Mereka ,
covid 19 isolasi mandiri protokol kesehatan,QL (Laplace),7,1404,-60.96527109995637,6,1.0,"Juru Bicara Satuan Tugas (Jubir Satgas) Penanganan Covid-19 Prof Wiku Adisasmito kembali menyampaikan perkembangan terkini kasus Corona di Indonesia. Disampaikan Wiku salah satunya, kasus positif Covi",
covid 19 isolasi mandiri protokol kesehatan,QL (Laplace),8,14337,-61.10977343068287,4,0.6666666666666666,  Hana Puspita hanya berbaring di dalam ambulans. Terdengar pekik keras suara sirine. Sejumlah petugas memakain alat pelindung lengkap ada di hadapannya. Menjaga kondisi Hana hingga tiba di Rumah Saki,
covid 19 isolasi mandiri protokol kesehatan,QL (Laplace),9,14336,-61.14093326208925,5,0.8333333333333334,"  Riuh aktivitas jual beli di belakang Stasiun Kebayoran, Jakarta Selatan. Pedagang barang bekas berjejer. Memakan lebar trotoar. Hilir mudik warga membuat jalan semakin sempit. Sedikit ruang untuk me",
covid 19 isolasi mandiri protokol kesehatan,QL (Laplace),10,14327,-61.299279335920104,4,0.6666666666666666,  Pesan elektronik berisi hasil tes usap (PCR Swab) dibuka Pr dengan perasaan was-was. Ini merupakan hasil tes kedua setelah menjalani isolasi mandiri. Batinnya berkecamuk. Harap-harap cemas antara po,
covid 19 isolasi mandiri protokol kesehatan,QL (Linear Interpolation),1,13062,-31.402236544457608,5,0.8333333333333334,  Meningkatnya jumlah orang yang terinfeksi COVID-19 menyebabkan banyak rumah sakit yang kewalahan menangani pasien. Hal ini menyebabkn banyak pasien yang memiliki kondisi cukup baik diminta untuk mel,
covid 19 isolasi mandiri protokol kesehatan,QL (Linear Interpolation),2,1351,-31.57139956009055,5,0.8333333333333334,Ketua Fraksi PKS DPR RI Jazuli Juwaini mendesak Pemerintah memitigasi sistem kesehatan agar tidak kolaps selama lonjakan covid 19. Ia menyebut sistem kesehatan harus benar-benar mampu menyelamatkan ny,
covid 19 isolasi mandiri protokol kesehatan,QL (Linear Interpolation),3,11745,-31.593902024781325,5,0.8333333333333334,"  Koordinator Tim Pakar Satgas Penanganan Covid-19, Prof Wiku Adisasmito meminta seluruh kepala daerah melakukan perbaikan penanganan Covid-19 selama pemberlakuan PPKM level 1-4. Dia tidak ingin kasus",
covid 19 isolasi mandiri protokol kesehatan,QL (Linear Interpolation),4,12606,-32.18036404290706,5,0.8333333333333334,"  Kementerian Perhubungan mendukung penanganan kasus Covid-19 di Makassar, Sulawesi Selatan, dengan menyiapkan kapal Pelni sebagai tempat isolasi mandiri para pasien penderita Covid-19 yang bergejala ",
covid 19 isolasi mandiri protokol kesehatan,QL (Linear Interpolation),5,4855,-32.18934700317247,5,0.8333333333333334," Sebanyak 25 tenaga kesehatan (nakes) di Rumah Sakit Umum Daerah (RSUD) Goeteng Tarunadibrata Purbalingga, terkonfirmasi Covid-19. 12 Orang dinyatakan sudah sembuh, sedang sisanya masih dalam perawata",
covid 19 isolasi mandiri protokol kesehatan,QL (Linear Interpolation),6,5255,-32.23166692095384,6,1.0,  Anggota DPR RI Fraksi PAN Guspardi Gaus dilaporkan ke Mahkamah Kehormatan Dewan (MKD) DPR RI. Laporan itu terkait peristiwa Guspardi langsung menghadiri rapat di Kompleks Parlemen tanpa menjalani is,
covid 19 isolasi mandiri protokol kesehatan,QL (Linear Interpolation),7,717,-32.23657241992719,5,0.8333333333333334," Pemerintah terus memperbanyak lokasi isolasi mandiri (ishoman) bagi masyarakat yang terjangkit Covid-19. Kementerian Perhubungan (Kemenhub) misalnya, menyiapkan kapal Pelni sebagai tempat ishoman par",
covid 19 isolasi mandiri protokol kesehatan,QL (Linear Interpolation),8,5125,-32.69861992456589,4,0.6666666666666666,"  Anggota Komisi II DPR RI Fraksi PKB Yanuar Prihatin menilai, anggota dewan tidak pantas mendapatkan fasilitas hotel untuk isolasi mandiri yang dibiayai negara. Hal ini menyakiti hati rakyat yang ten",
covid 19 isolasi mandiri protokol kesehatan,QL (Linear Interpolation),9,10325,-32.98617759666061,5,0.8333333333333334,"  40 Tenaga kesehatan (Nakes), yang bertugas pada sejumlah fasilitas kesehatan (faskes) di Tangerang Selatan, tercatat terkonfirmasi positif Covid-19 selama Juni 2021 ini. ""Dua minggu pasca lebaran, h",
covid 19 isolasi mandiri protokol kesehatan,QL (Linear Interpolation),10,11558,-33.21333452135257,5,0.8333333333333334,"  Dinas Kesehatan Kabupaten Kotawaringin Timur, Kalimantan Tengah, menyatakan ada sebanyak 52 tenaga kesehatan di daerah itu yang saat ini tertular Covid-19. ""Itulah risiko pekerjaan. Untuk di RS Murj",
bantuan sembako warga terdampak pandemi,TF,1,4924,0.4446997273820081,2,0.4," Dua belas warga asal Desa Sirau, Kecamatan Kemranjen, Kabupaten Banyumas, mengembalikan Bantuan Langsung Tunai (BLT) senilai Rp 600 ribu. Mereka menilai bantuan tersebut lebih layak untuk diterima ol",
bantuan sembako warga terdampak pandemi,TF,2,11131,0.43516891051214635,5,1.0,"  Gerakan warga bantu warga di Bali, kian banyak di tengah Pandemi Covid-19. Pelaksanaan PPKM darurat juga membuat sejumlah warga mengibarkan bendera putih mengharapkan bantuan. Seperti yang dilakukan",
bantuan sembako warga terdampak pandemi,TF,3,7214,0.4129483209670112,3,0.6,"  Tim SAR dan relawan membantu evakuasi warga terdampak banjir di Perumahan Bumi Mahkota Indah, Desa Dawuan Tengah, Kecamatan Cikampek, Karawang, Jawa Barat. Tim menyisir setiap rumah warga terdampak ",
bantuan sembako warga terdampak pandemi,TF,4,7158,0.412310562561766,5,1.0,"  Keluarga Abas Basari (48) warga Desa Gempol, Kecamatan Banyusari, Kabupaten Karawang, mengaku tidak pernah mendapat bantuan sosial dari pemerintah baik pemerintah pusat, provinsi maupun kabupaten. P",
bantuan sembako warga terdampak pandemi,TF,5,2983,0.397705839334203,4,0.8," Kapolsek Klapa Nunggal AKP Fadli berharap, warga di Bogor saling membantu terlebih jika ada tetangganya yang sedang menjalani isolasi mandiri (isoman) akibat terpapar Covid-19. Hal ini disampaikannya",
bantuan sembako warga terdampak pandemi,TF,6,9070,0.38979223247279315,4,0.8,"  Pemerintah Kota Makassar menyiapkan 100 ribu paket sembako yang akan dibagikan sebagai dampak penerapan Pemberlakuan Pembatasan Kegiatan Masyarakat (PPKM) level 4. Agar penyaluran tepat sasaran, RT ",
bantuan sembako warga terdampak pandemi,TF,7,11137,0.3834766262457429,4,0.8,"  Gubernur Bali, Wayan Koster menyampaikan, bahwa Pemerintah menyalurkan berbagai bantuan sosial kepada masyarakat, termasuk di Bali yang terdampak Pandemi Covid-19 dalam penerapan PPKM Darurat. ""Tota",
bantuan sembako warga terdampak pandemi,TF,8,11471,0.3744982812451903,4,0.8,"  Korlantas Polri menggelar bakti sosial di kawasan Bintaro, Tangerang Selatan, Banten. Anggota polwan Korlantas Polri disebar untuk membagikan paket beras kepada warga yang perekonomiannya terdampak ",
bantuan sembako warga terdampak pandemi,TF,9,7254,0.36478879662310393,3,0.6,"  Korban banjir akibat luapan sungai Cibeet di Kampung Pangasinan, Desa Karangligar, Kecamatan Telukjambe Barat, Karawang, mengaku selama dua hari mengungsi di emper rumah penduduk yang aman dari banj",
bantuan sembako warga terdampak pandemi,TF,10,2022,0.36105792641255524,5,1.0,"Gubernur Jawa Barat Ridwan Kamil mengatakan, bantuan sosial (bansos) dari pemerintah pusat sudah mulai disalurkan pekan ini. Jumlah penerima bansos di Jabar mengalami peningkatan, dari sekitar 40 pers",
bantuan sembako warga terdampak pandemi,TF-IDF,1,9070,0.3702041526948862,4,0.8,"  Pemerintah Kota Makassar menyiapkan 100 ribu paket sembako yang akan dibagikan sebagai dampak penerapan Pemberlakuan Pembatasan Kegiatan Masyarakat (PPKM) level 4. Agar penyaluran tepat sasaran, RT ",
bantuan sembako warga terdampak pandemi,TF-IDF,2,6225,0.3329928586524157,4,0.8,"  Sejak pandemi Covid-19 berlangsung, Rokayah warga Kemayoran, Jakarta Pusat menerima bantuan Kartu Sembako dari Pemerintah. Bantuan paket sembako tersebut berisi 10 kilogram beras, 15 butir telur aya",
bantuan sembako warga terdampak pandemi,TF-IDF,3,6084,0.32895615648739357,3,0.6,"  Penelitian Big Data Continuum Indonesia Omar Abdillah melakukan survei respon masyarakat terkait PPn Sembako. Pengumpulan data dilakukan melalui media sosial, Twitter selama 10 hari sejak draf PPN s",
bantuan sembako warga terdampak pandemi,TF-IDF,4,11131,0.316209120596665,5,1.0,"  Gerakan warga bantu warga di Bali, kian banyak di tengah Pandemi Covid-19. Pelaksanaan PPKM darurat juga membuat sejumlah warga mengibarkan bendera putih mengharapkan bantuan. Seperti yang dilakukan",
bantuan sembako warga terdampak pandemi,TF-IDF,5,1458,0.3022081828981477,4,0.8,"Polda Jawa Timur (Jatim) menindaklanjuti instruksi dari Kapolri Jenderal Listyo Sigit Prabowo, dengan menurunkan Bhabinkamtibmas dibantu Babinsa, membagikan sembako Pemberlakuan Pembatasan Kegiatan Ma",
bantuan sembako warga terdampak pandemi,TF-IDF,6,2400,0.2991857620903972,5,1.0," Presiden Joko Widodo atau Jokowi memilih turun ke rumah warga atau blusukan di malam hari untuk membagikan paket sembako, bagi mereka yang membutuhkan di masa PPKM Darurat. Berdasarkan pantauan dari ",
bantuan sembako warga terdampak pandemi,TF-IDF,7,6241,0.29295677076952503,4,0.8,  Presiden Joko Widodo mengatakan akan menambah anggaran perlindungan sosial untuk meringankan beban masyarakat yang terdampak kebijakan Pemberlakuan Pembatasan Kegiatan Masyarakat (PPKM). Pemerintah ,
bantuan sembako warga terdampak pandemi,TF-IDF,8,6,0.28934151279650167,4,0.8,Polri dan TNI bersama organisasi kepemudaan di Kota Bogor mendistribusikan 1.300 paket sembako untuk masyarakat terdampak Pemberlakuan Pembatasan Kegiatan Masyarakat (PPKM) Level 4. Paket sembako didi,
bantuan sembako warga terdampak pandemi,TF-IDF,9,6226,0.28836688034129326,3,0.6,  Sudah satu tahun nama Rizal terdaftar sebagai penerima bantuan dari pemerintah. Dia mengaku tidak pernah mendaftarkan diri sebagai penerima Bantuan Sosial Tunai (BST). Kabar namanya terdaftar sebaga,
bantuan sembako warga terdampak pandemi,TF-IDF,10,2433,0.2738331150604889,3,0.6, Menteri Koordinator Bidang Kemaritiman dan Investasi Luhut Binsar Panjaitan menyampaikan bahwa pemerintah akan membagikan bantuan beras kepada masyarakat yang terdampak kebijakan PPKM darurat. Bantua,
bantuan sembako warga terdampak pandemi,Word2Vec (TF-IDF weighted),1,7158,0.8855012765920158,5,1.0,"  Keluarga Abas Basari (48) warga Desa Gempol, Kecamatan Banyusari, Kabupaten Karawang, mengaku tidak pernah mendapat bantuan sosial dari pemerintah baik pemerintah pusat, provinsi maupun kabupaten. P",
bantuan sembako warga terdampak pandemi,Word2Vec (TF-IDF weighted),2,2017,0.8809597431931154,3,0.6,Sebanyak 70 persen atau 41.853 ribu keluarga penerima manfaat (KPM) di Kota Bandung disebut telah mendapatkan bantuan sosial (bansos). Bantuan tersebut disalurkan kepada warga yang terdampak saat pemb,
bantuan sembako warga terdampak pandemi,Word2Vec (TF-IDF weighted),3,7622,0.8699533372897952,2,0.4,  Pemerintah Jokowi terus mempercepat penyaluran bantuan sosial (bansos) kepada masyarakat dan dunia usaha selama pelaksanaan Pembatasan Pemberlakuan Kegiatan Masyarakat (PPKM) Darurat. Bantuan ini di,
bantuan sembako warga terdampak pandemi,Word2Vec (TF-IDF weighted),4,2028,0.8634507414395227,4,0.8,Pemerintah Kota (Pemkot) Bandung mulai menyalurkan bantuan sosial atau bansos kepada masyarakat yang terdampak kebijakan Pemberlakukan Pembatasan Kegiatan Masyarakat (PPKM) darurat. Bansos tersebut ba,
bantuan sembako warga terdampak pandemi,Word2Vec (TF-IDF weighted),5,11137,0.8629921642121854,4,0.8,"  Gubernur Bali, Wayan Koster menyampaikan, bahwa Pemerintah menyalurkan berbagai bantuan sosial kepada masyarakat, termasuk di Bali yang terdampak Pandemi Covid-19 dalam penerapan PPKM Darurat. ""Tota",
bantuan sembako warga terdampak pandemi,Word2Vec (TF-IDF weighted),6,1011,0.8616089920668011,4,0.8," Sebanyak 18,8 juta Keluarga Penerima Manfaat (KPM) Kartu Sembako/ Bantuan Pangan Non-Tunai atau bansos akan menerima tambahan bantuan selama 2 bulan. Tambahan bantuan masih sama  senilai Rp 200.000 p",
bantuan sembako warga terdampak pandemi,Word2Vec (TF-IDF weighted),7,9035,0.859666908180065,4,0.8,"  Presiden Joko Widodo menginstruksikan agar manfaat anggaran dana desa bisa dirasakan seluruh warga desa di Tanah Air. Oleh karena itu, di tengah pandemi Covid-19, anggaran dana desa dialihkan sebagi",
bantuan sembako warga terdampak pandemi,Word2Vec (TF-IDF weighted),8,685,0.8587647910826192,3,0.6,"Menteri Koordinator Maritim dan Investasi, Luhut Binsar Panjaitan mengatakan pemerintah akan menambah dana bansos sebesar Rp 39,19 Triliun. Penyaluran bansos akan diserahkan kepada Kementerian keuanga",
bantuan sembako warga terdampak pandemi,Word2Vec (TF-IDF weighted),9,14096,0.8563665589466198,5,1.0,"  Sudah 20 hari Suharjo beserta lima anggota keluarganya menjalani isolasi mandiri. Satu keluarga itu terpapar virus Covid-19. Semenjak menjalani isolasi mandiri, ekonomi keluarga yang tinggal di Kamp",
bantuan sembako warga terdampak pandemi,Word2Vec (TF-IDF weighted),10,2022,0.8539748138186278,5,1.0,"Gubernur Jawa Barat Ridwan Kamil mengatakan, bantuan sosial (bansos) dari pemerintah pusat sudah mulai disalurkan pekan ini. Jumlah penerima bansos di Jabar mengalami peningkatan, dari sekitar 40 pers",
bantuan sembako warga terdampak pandemi,QL (No Smoothing),1,7158,-19.290338020022084,5,1.0,"  Keluarga Abas Basari (48) warga Desa Gempol, Kecamatan Banyusari, Kabupaten Karawang, mengaku tidak pernah mendapat bantuan sosial dari pemerintah baik pemerintah pusat, provinsi maupun kabupaten. P",
bantuan sembako warga terdampak pandemi,QL (No Smoothing),2,11131,-21.222382119821873,5,1.0,"  Gerakan warga bantu warga di Bali, kian banyak di tengah Pandemi Covid-19. Pelaksanaan PPKM darurat juga membuat sejumlah warga mengibarkan bendera putih mengharapkan bantuan. Seperti yang dilakukan",
bantuan sembako warga terdampak pandemi,QL (No Smoothing),3,2400,-21.378079025339794,5,1.0," Presiden Joko Widodo atau Jokowi memilih turun ke rumah warga atau blusukan di malam hari untuk membagikan paket sembako, bagi mereka yang membutuhkan di masa PPKM Darurat. Berdasarkan pantauan dari ",
bantuan sembako warga terdampak pandemi,QL (No Smoothing),4,7039,-21.510829262090404,5,1.0,"  Kepolisian Resor Karawang menggelar vaksinasi keliling bagi warga kabupaten Karawang, Jawa Barat dengan sasaran permukiman padat penduduk. ""Kita melakukan vaksinasi 'jemput bola', dengan sasaran war",
bantuan sembako warga terdampak pandemi,QL (No Smoothing),5,2022,-21.618095642491745,5,1.0,"Gubernur Jawa Barat Ridwan Kamil mengatakan, bantuan sosial (bansos) dari pemerintah pusat sudah mulai disalurkan pekan ini. Jumlah penerima bansos di Jabar mengalami peningkatan, dari sekitar 40 pers",
bantuan sembako warga terdampak pandemi,QL (No Smoothing),6,8533,-21.895256961581005,5,1.0,  Gubernur Jawa Barat (Jabar) Ridwan Kamil menyalurkan bantuan berupa tunai dan sembako kepada masyarakat terdampak Pemberlakuan Pembatasan Kegiatan Masyarakat (PPKM) Darurat setelah menjalankan salat,
bantuan sembako warga terdampak pandemi,QL (No Smoothing),7,4606,-22.600746118041023,5,1.0,"  Simpul-simpul gotong royong warga terbentuk secara alamiah di tengah pandemi Covid-19 yang makin merajalela di Indonesia. Di Kota Serang Banten, warga saling bantu memastikan pasien Covid-19 bergeja",
bantuan sembako warga terdampak pandemi,QL (No Smoothing),8,3626,-22.81681751123734,5,1.0,"Bertepatan dengan Hari Raya Idul Adha 1442 Hijriaah, Pemerintah Kota Tangerang bersama PT Pos Indonesia, mulai mendistribusikan Bantuan Sosial Tunai (BST) atau Bansos Tunai untuk masyarakat yang terda",
bantuan sembako warga terdampak pandemi,QL (No Smoothing),9,2950,-22.950679538218058,5,1.0, Kapolri Jenderal Polisi Listyo Sigit Prabowo terus menyalurkan bantuan sosial (bansos) dari institusi Polri kepada masyarakat terdampak PPKM Darurat. Dia memerintahkan jajarannya untuk tanggap terhad,
bantuan sembako warga terdampak pandemi,QL (No Smoothing),10,1388,-23.075354273217915,5,1.0,"Di tengah masa penerapan PPKM Darurat, Presiden Joko Widodo atau Jokowi terjun langsung ke rumah warga atau blusukan di malam hari pada Kamis 15 Juli 2021 untuk membagikan paket sembako. Berdasarkan p",
bantuan sembako warga terdampak pandemi,QL (Laplace),1,2022,-49.51515834780884,5,1.0,"Gubernur Jawa Barat Ridwan Kamil mengatakan, bantuan sosial (bansos) dari pemerintah pusat sudah mulai disalurkan pekan ini. Jumlah penerima bansos di Jabar mengalami peningkatan, dari sekitar 40 pers",
bantuan sembako warga terdampak pandemi,QL (Laplace),2,1388,-49.58057494924458,5,1.0,"Di tengah masa penerapan PPKM Darurat, Presiden Joko Widodo atau Jokowi terjun langsung ke rumah warga atau blusukan di malam hari pada Kamis 15 Juli 2021 untuk membagikan paket sembako. Berdasarkan p",
bantuan sembako warga terdampak pandemi,QL (Laplace),3,14096,-49.61676766521942,5,1.0,"  Sudah 20 hari Suharjo beserta lima anggota keluarganya menjalani isolasi mandiri. Satu keluarga itu terpapar virus Covid-19. Semenjak menjalani isolasi mandiri, ekonomi keluarga yang tinggal di Kamp",
bantuan sembako warga terdampak pandemi,QL (Laplace),4,11131,-49.73866340393043,5,1.0,"  Gerakan warga bantu warga di Bali, kian banyak di tengah Pandemi Covid-19. Pelaksanaan PPKM darurat juga membuat sejumlah warga mengibarkan bendera putih mengharapkan bantuan. Seperti yang dilakukan",
bantuan sembako warga terdampak pandemi,QL (Laplace),5,11513,-50.514939201285685,5,1.0,  Menteri Sosial (Mensos) Tri Rismaharini memastikan validitas dan akurasi Data Terpadu Kesejahteraan Sosial (DTKS) dengan teknologi digital sehingga memudahkan penerima manfaat mendapatkan bantuan so,
bantuan sembako warga terdampak pandemi,QL (Laplace),6,11897,-50.65599192045454,5,1.0,  Anggota DPR Fraksi Demokrat Marwan Cik Asan membela Ketua Fraksi Partai Demokrat (FPD) Edhie Baskoro Yudhoyono (Ibas) yang mendapat kritikan balik dari sejumlah pihak lantaran khawatir RI gagal dala,
bantuan sembako warga terdampak pandemi,QL (Laplace),7,4929,-50.701014948200154,4,0.8, Pemerintah Kabupaten (Pemkab) Purbalingga memastikan bantuan Jaring Pengaman Sosial (JPS) untuk warga masyarakat yang terdampak Covid-19 akan segera didistribusikan. Sebanyak 36.850 paket sembako ren,
bantuan sembako warga terdampak pandemi,QL (Laplace),8,6566,-50.770519177140955,5,1.0,  Kapolri Jenderal Listyo Sigit Prabowo menginstruksikan kepada seluruh anggota Polri untuk mempercepat penyaluran bantuan sosial saat Pemberlakuan Pembatasan Kegiatan Masyarakat (PPKM) Level 4 Jawa-B,
bantuan sembako warga terdampak pandemi,QL (Laplace),9,4606,-50.78369753259767,5,1.0,"  Simpul-simpul gotong royong warga terbentuk secara alamiah di tengah pandemi Covid-19 yang makin merajalela di Indonesia. Di Kota Serang Banten, warga saling bantu memastikan pasien Covid-19 bergeja",
bantuan sembako warga terdampak pandemi,QL (Laplace),10,4372,-50.82305641845773,5,1.0," Di masa penerapan Pemberlakukan Pembatasan Kegiatan Masyarakat (PPKM) level 4, Pemerintah akan menggelontorkan kembali sejumlah bantuan sosial (bansos) untuk masyarakat yang terdampak pandemi covid-1",
bantuan sembako warga terdampak pandemi,QL (Linear Interpolation),1,7158,-22.470804820430523,5,1.0,"  Keluarga Abas Basari (48) warga Desa Gempol, Kecamatan Banyusari, Kabupaten Karawang, mengaku tidak pernah mendapat bantuan sosial dari pemerintah baik pemerintah pusat, provinsi maupun kabupaten. P",
bantuan sembako warga terdampak pandemi,QL (Linear Interpolation),2,9070,-24.066332431026705,4,0.8,"  Pemerintah Kota Makassar menyiapkan 100 ribu paket sembako yang akan dibagikan sebagai dampak penerapan Pemberlakuan Pembatasan Kegiatan Masyarakat (PPKM) level 4. Agar penyaluran tepat sasaran, RT ",
bantuan sembako warga terdampak pandemi,QL (Linear Interpolation),3,11131,-24.25246805080497,5,1.0,"  Gerakan warga bantu warga di Bali, kian banyak di tengah Pandemi Covid-19. Pelaksanaan PPKM darurat juga membuat sejumlah warga mengibarkan bendera putih mengharapkan bantuan. Seperti yang dilakukan",
bantuan sembako warga terdampak pandemi,QL (Linear Interpolation),4,2022,-24.380788643127442,5,1.0,"Gubernur Jawa Barat Ridwan Kamil mengatakan, bantuan sosial (bansos) dari pemerintah pusat sudah mulai disalurkan pekan ini. Jumlah penerima bansos di Jabar mengalami peningkatan, dari sekitar 40 pers",
bantuan sembako warga terdampak pandemi,QL (Linear Interpolation),5,2400,-24.39682261021434,5,1.0," Presiden Joko Widodo atau Jokowi memilih turun ke rumah warga atau blusukan di malam hari untuk membagikan paket sembako, bagi mereka yang membutuhkan di masa PPKM Darurat. Berdasarkan pantauan dari ",
bantuan sembako warga terdampak pandemi,QL (Linear Interpolation),6,7039,-24.572872411359743,5,1.0,"  Kepolisian Resor Karawang menggelar vaksinasi keliling bagi warga kabupaten Karawang, Jawa Barat dengan sasaran permukiman padat penduduk. ""Kita melakukan vaksinasi 'jemput bola', dengan sasaran war",
bantuan sembako warga terdampak pandemi,QL (Linear Interpolation),7,8533,-24.82891372637814,5,1.0,  Gubernur Jawa Barat (Jabar) Ridwan Kamil menyalurkan bantuan berupa tunai dan sembako kepada masyarakat terdampak Pemberlakuan Pembatasan Kegiatan Masyarakat (PPKM) Darurat setelah menjalankan salat,
bantuan sembako warga terdampak pandemi,QL (Linear Interpolation),8,6241,-25.06612582489882,4,0.8,  Presiden Joko Widodo mengatakan akan menambah anggaran perlindungan sosial untuk meringankan beban masyarakat yang terdampak kebijakan Pemberlakuan Pembatasan Kegiatan Masyarakat (PPKM). Pemerintah ,
bantuan sembako warga terdampak pandemi,QL (Linear Interpolation),9,6,-25.154124797185872,4,0.8,Polri dan TNI bersama organisasi kepemudaan di Kota Bogor mendistribusikan 1.300 paket sembako untuk masyarakat terdampak Pemberlakuan Pembatasan Kegiatan Masyarakat (PPKM) Level 4. Paket sembako didi,
bantuan sembako warga terdampak pandemi,QL (Linear Interpolation),10,1458,-25.26476724236946,4,0.8,"Polda Jawa Timur (Jatim) menindaklanjuti instruksi dari Kapolri Jenderal Listyo Sigit Prabowo, dengan menurunkan Bhabinkamtibmas dibantu Babinsa, membagikan sembako Pemberlakuan Pembatasan Kegiatan Ma",
polisi korban tewas pembunuhan,TF,1,9781,0.5552252320230577,4,1.0,"  Masyarakat Desa Taja Indah, Kecamatan Betung, Banyuasin, Sumatera Selatan, gempar dengan penemuan mayat warganya, Mardinator alias Ligat (30) di kebun karet. Polisi menduga korban tewas karena tinda",
polisi korban tewas pembunuhan,TF,2,9897,0.46798548766672954,4,1.0,"  Sehari usai kejadian, polisi meringkus pelaku pembunuhan dan penganiayaan pasangan suami istri Sukadi (37) dan Erika (25). Pelaku Irawan (37) terancam 15 tahun penjara. Pelaku diamankan dalam persem",
polisi korban tewas pembunuhan,TF,3,5778,0.43668878079682955,3,0.75,"  RLU alias Romy (44), warga Jalan Hati Mulia Kelurahan Oebobo, Kecamatan Oebobo, Kota Kupang ditemukan tewas membusuk di rumahnya, Kamis (29/4). Saat ditemukan, kondisi tubuh korban sudah membengkak ",
polisi korban tewas pembunuhan,TF,4,7221,0.43578776856227464,4,1.0,"  SJ (17) ditemukan tewas di pinggir rel Stasiun Cikampek, dengan penuh luka dan leher terikat sabuk yang diikat di tiang. Setelah dilakukan penyelidikan, polisi menangkap pelaku yang juga teman korba",
polisi korban tewas pembunuhan,TF,5,9900,0.42735216172364227,3,0.75,"  Warga Desa Makarti Tama, Kecamatan Peninjauan, Ogan Komering Ulu (OKU), Sumatera Selatan, gempar dengan aksi pembunuhan yang terjadi di sekitarnya. Pasangan suami istri mengalami luka akibat diseran",
polisi korban tewas pembunuhan,TF,6,9802,0.4272103469668725,3,0.75,"  Polisi meringkus Sahrudin (44), pelaku penganiayaan istri siri secara brutal di Banyuasin, Sumatera Selatan. Kedua kakinya ditembak petugas karena melawan saat diamankan. Pelaku ditangkap tak jauh d",
polisi korban tewas pembunuhan,TF,7,9225,0.41803980857497064,3,0.75,"  Warga Desa Padaelo, Kecamatan Mallawa, Kabupaten Maros digegerkan penemuan mayat pria dalam kondisi terbakar di jalan setapak Bukit Kemiri Tompo Ladang, Jumat (11/6). Jasad itu diduga korban pembunu",
polisi korban tewas pembunuhan,TF,8,5580,0.4179984000454673,3,0.75,"  DT alias Damaris (34), seorang ibu rumah tangga asal Dusun III, Desa Oenuntono, Kecamatan Amabi Oefeto Timur, Kabupaten Kupang, Nusa Tenggara Timur ditemukan tewas gantung diri dengan tali nilon di ",
polisi korban tewas pembunuhan,TF,9,12014,0.4114425116728958,4,1.0,"  Tim Opsnal Serigala Polres Lebak menciduk seorang pria berinisial SR (51). Petani asal Lebak itu ditangkap polisi karena diduga telah membunuh temannya, Jamingan. Kabid Humas Polda Banten AKBP Shint",
polisi korban tewas pembunuhan,TF,10,13316,0.4105163539741417,2,0.5,"  Seorang wanita muda berusia 20 tahun di Samarinda, Kalimantan Timur, jadi korban pemerkosaan pria dia kenal di MiChat. Korban sempat dikira wanita diajak kencan alias open BO (Booking Out). Peristiw",
polisi korban tewas pembunuhan,TF-IDF,1,9781,0.399642360021437,4,1.0,"  Masyarakat Desa Taja Indah, Kecamatan Betung, Banyuasin, Sumatera Selatan, gempar dengan penemuan mayat warganya, Mardinator alias Ligat (30) di kebun karet. Polisi menduga korban tewas karena tinda",
polisi korban tewas pembunuhan,TF-IDF,2,9897,0.3782636002076187,4,1.0,"  Sehari usai kejadian, polisi meringkus pelaku pembunuhan dan penganiayaan pasangan suami istri Sukadi (37) dan Erika (25). Pelaku Irawan (37) terancam 15 tahun penjara. Pelaku diamankan dalam persem",
polisi korban tewas pembunuhan,TF-IDF,3,9899,0.3489862687002436,3,0.75,"  Warga bernama Sukadi (37) tewas di tempat dan istrinya Erika (25) mengalami banyak luka akibat dianiaya tetangganya sendiri, Irawan (37). Motif pembunuhan dilatarbelakangi dendam. Kasubag Humas Polr",
polisi korban tewas pembunuhan,TF-IDF,4,9900,0.3450413724197879,3,0.75,"  Warga Desa Makarti Tama, Kecamatan Peninjauan, Ogan Komering Ulu (OKU), Sumatera Selatan, gempar dengan aksi pembunuhan yang terjadi di sekitarnya. Pasangan suami istri mengalami luka akibat diseran",
polisi korban tewas pembunuhan,TF-IDF,5,9673,0.3403091559079109,4,1.0,"  Warga Desa Lubuk Harjo, Kecamatan Belitang Madang Jaya, Ogan Komering Ulu (OKU) Timur, Sumatera Selatan, geger dengan adanya tindak pidana pembunuhan yang dialami seorang ibu rumah tangga Asmiana (3",
polisi korban tewas pembunuhan,TF-IDF,6,12231,0.32606726950635323,3,0.75,  Satuan Reserse Kriminal Polresta Jayapura menangkap pelaku pembunuhan terhadap Nasruddin alias Acik (44). Peristiwa tersebut terjadi pada Senin (28/6) sekitar pukul 21.30 WIT. Pelaku diketahui berin,
polisi korban tewas pembunuhan,TF-IDF,7,7228,0.3245705599887129,4,1.0,"  Oon (55), warga Kamurang, Desa Jatimulya, Kecamatan Pedes, Karawang, tewas dalam kondisi bersimbah darah akibat luka bacok. Janda anak tiga itu, meregang nyawa sekira pukul 01.00 WIB, Rabu (5/2) din",
polisi korban tewas pembunuhan,TF-IDF,8,7105,0.3129521431192909,4,1.0,"  Mayat wanita tanpa identitas ditemukan warga di Jalan Kampung Buher, Kelurahan Karangpawitan, Kecamatan Karawang Barat, Senin (15/3) pagi. Diduga, jasad perempuan itu merupakan korban pembunuhan dib",
polisi korban tewas pembunuhan,TF-IDF,9,9680,0.30975860248685544,4,1.0,"  Tak terima ditampar di depan banyak orang, Irawan (26), nekat membunuh seorang remaja, Hazri Junani (19). Satu setengah bulan buron, pelaku akhirnya ditangkap polisi. Peristiwa itu bermula ketika ke",
polisi korban tewas pembunuhan,TF-IDF,10,9127,0.30934256787280967,3,0.75,"  Warga Jalan Tamangapa, Kecamatan Manggala, Makassar digegerkan penemuan mayat pria di dalam selokan, Selasa (13/7). Mayat tersebut diduga korban pembunuhan yang dibuang di bawah jembatan saluran air",
polisi korban tewas pembunuhan,Word2Vec (TF-IDF weighted),1,11594,0.9349221638274645,2,0.5,"  Aparat Kepolisian Resor (Polres) Majalengka, Jawa Barat, menangkap tiga anggota geng motor penganiaya warga yang mengalami luka di sekujur tubuh. ""Kami tangkap tiga anggota geng motor yang melakukan",
polisi korban tewas pembunuhan,Word2Vec (TF-IDF weighted),2,8173,0.9245875446948545,3,0.75,"  Unjuk rasa berlanjut pada hari keempat mengecam dugaan pemerkosaan massal, pembunuhan, dan kremasi paksa seorang bocah perempuan berusia sembilan tahun di ibu kota India, Delhi. Orang tua korban men",
polisi korban tewas pembunuhan,Word2Vec (TF-IDF weighted),3,9680,0.9244582130247362,4,1.0,"  Tak terima ditampar di depan banyak orang, Irawan (26), nekat membunuh seorang remaja, Hazri Junani (19). Satu setengah bulan buron, pelaku akhirnya ditangkap polisi. Peristiwa itu bermula ketika ke",
polisi korban tewas pembunuhan,Word2Vec (TF-IDF weighted),4,9900,0.9234911058531605,3,0.75,"  Warga Desa Makarti Tama, Kecamatan Peninjauan, Ogan Komering Ulu (OKU), Sumatera Selatan, gempar dengan aksi pembunuhan yang terjadi di sekitarnya. Pasangan suami istri mengalami luka akibat diseran",
polisi korban tewas pembunuhan,Word2Vec (TF-IDF weighted),5,7104,0.9216542516430005,3,0.75,"  Seorang warga di Kecamatan Rawamerta, Kabupaten Karawang, Jawa Barat, berinisial MS (41) dikabarkan tewas bunuh diri dengan senjata api (senpi), Selasa (16/3) dini hari. Kasus itu masih diselidiki p",
polisi korban tewas pembunuhan,Word2Vec (TF-IDF weighted),6,9225,0.9215713513149815,3,0.75,"  Warga Desa Padaelo, Kecamatan Mallawa, Kabupaten Maros digegerkan penemuan mayat pria dalam kondisi terbakar di jalan setapak Bukit Kemiri Tompo Ladang, Jumat (11/6). Jasad itu diduga korban pembunu",
polisi korban tewas pembunuhan,Word2Vec (TF-IDF weighted),7,10252,0.9212298989008948,2,0.5,"  Dua tersangka pelaku pembunuhan terhadap Siti Zahra (19) di Cisauk, Kabupaten Tangerang, yakni DS (20 dan US (42), menjalani rekonstruksi, Selasa (13/7). Mereka memperagakan adegan menjemput, mengha",
polisi korban tewas pembunuhan,Word2Vec (TF-IDF weighted),8,5476,0.9174902062901951,1,0.25,"  Kepolisian Resor Aceh Utara menangkap pria berinisial S (23). Dia diduga memerkosa remaja 15 tahun hingga hamil tujuh bulan. Kasat Reskrim Polres Aceh Utara AKP Fauzi mengatakan, pria itu ditangkap ",
polisi korban tewas pembunuhan,Word2Vec (TF-IDF weighted),9,12014,0.9157737448410728,4,1.0,"  Tim Opsnal Serigala Polres Lebak menciduk seorang pria berinisial SR (51). Petani asal Lebak itu ditangkap polisi karena diduga telah membunuh temannya, Jamingan. Kabid Humas Polda Banten AKBP Shint",
polisi korban tewas pembunuhan,Word2Vec (TF-IDF weighted),10,9640,0.9143962611358513,2,0.5,"  Gara-gara petai, seorang ibu rumah tangga bernama Eka Noviati (47) menjadi bulan-bulanan suaminya sendiri. Pelaku, Heriyanto (47) ditangkap polisi setelah korban melapor. Peristiwa itu terjadi di ke",
polisi korban tewas pembunuhan,QL (No Smoothing),1,9781,-14.049638484658145,4,1.0,"  Masyarakat Desa Taja Indah, Kecamatan Betung, Banyuasin, Sumatera Selatan, gempar dengan penemuan mayat warganya, Mardinator alias Ligat (30) di kebun karet. Polisi menduga korban tewas karena tinda",
polisi korban tewas pembunuhan,QL (No Smoothing),2,9700,-15.057222982772807,4,1.0,  Tiga di antara lima pelaku pemerkosaan dan pembunuhan terhadap seorang perempuan berinisial R (28) di Musi Banyuasin ditangkap polisi. Mereka terancam hukuman mati atas perbuatannya. Ketiga pelaku A,
polisi korban tewas pembunuhan,QL (No Smoothing),3,9897,-15.25133654966264,4,1.0,"  Sehari usai kejadian, polisi meringkus pelaku pembunuhan dan penganiayaan pasangan suami istri Sukadi (37) dan Erika (25). Pelaku Irawan (37) terancam 15 tahun penjara. Pelaku diamankan dalam persem",
polisi korban tewas pembunuhan,QL (No Smoothing),4,7228,-15.366719884716993,4,1.0,"  Oon (55), warga Kamurang, Desa Jatimulya, Kecamatan Pedes, Karawang, tewas dalam kondisi bersimbah darah akibat luka bacok. Janda anak tiga itu, meregang nyawa sekira pukul 01.00 WIB, Rabu (5/2) din",
polisi korban tewas pembunuhan,QL (No Smoothing),5,7221,-15.552188177724544,4,1.0,"  SJ (17) ditemukan tewas di pinggir rel Stasiun Cikampek, dengan penuh luka dan leher terikat sabuk yang diikat di tiang. Setelah dilakukan penyelidikan, polisi menangkap pelaku yang juga teman korba",
polisi korban tewas pembunuhan,QL (No Smoothing),6,9836,-15.910236263900025,4,1.0,"  Hanya gara-gara disalip, sejumlah petani nekat membunuh pemotor bernama Sudirman (25). Tiap hari merasa dihantui, salah seorang pelaku bernama Rian Hidayat (39) akhirnya menyerahkan diri ke kantor p",
polisi korban tewas pembunuhan,QL (No Smoothing),7,9680,-16.13276763900547,4,1.0,"  Tak terima ditampar di depan banyak orang, Irawan (26), nekat membunuh seorang remaja, Hazri Junani (19). Satu setengah bulan buron, pelaku akhirnya ditangkap polisi. Peristiwa itu bermula ketika ke",
polisi korban tewas pembunuhan,QL (No Smoothing),8,9673,-16.251678556839344,4,1.0,"  Warga Desa Lubuk Harjo, Kecamatan Belitang Madang Jaya, Ogan Komering Ulu (OKU) Timur, Sumatera Selatan, geger dengan adanya tindak pidana pembunuhan yang dialami seorang ibu rumah tangga Asmiana (3",
polisi korban tewas pembunuhan,QL (No Smoothing),9,9798,-16.498122054885656,4,1.0,"  Polisi mengungkap kasus pembunuhan terhadap Putra (30) di perkebunan tebu Desa Seri Kembang III, Kecamatan Payaraman, Ogan Ilir, Sumatera Selatan. Pria itu ternyata dihabisi sekelompok warga sekampu",
polisi korban tewas pembunuhan,QL (No Smoothing),10,9173,-16.63278963894624,4,1.0,  Seorang pengantar air galon berinisial AS (19) di Pinrang tega membunuh seorang ibu SE (34) dan anaknya MA (10). Dia diduga nekat melakukan pembunuhan karena ketahuan saat hendak memerkosa. Kepala S,
polisi korban tewas pembunuhan,QL (Laplace),1,7105,-38.70551106102693,4,1.0,"  Mayat wanita tanpa identitas ditemukan warga di Jalan Kampung Buher, Kelurahan Karangpawitan, Kecamatan Karawang Barat, Senin (15/3) pagi. Diduga, jasad perempuan itu merupakan korban pembunuhan dib",
polisi korban tewas pembunuhan,QL (Laplace),2,9897,-38.95095839228958,4,1.0,"  Sehari usai kejadian, polisi meringkus pelaku pembunuhan dan penganiayaan pasangan suami istri Sukadi (37) dan Erika (25). Pelaku Irawan (37) terancam 15 tahun penjara. Pelaku diamankan dalam persem",
polisi korban tewas pembunuhan,QL (Laplace),3,9781,-39.57623615069883,4,1.0,"  Masyarakat Desa Taja Indah, Kecamatan Betung, Banyuasin, Sumatera Selatan, gempar dengan penemuan mayat warganya, Mardinator alias Ligat (30) di kebun karet. Polisi menduga korban tewas karena tinda",
polisi korban tewas pembunuhan,QL (Laplace),4,7228,-39.66518193692536,4,1.0,"  Oon (55), warga Kamurang, Desa Jatimulya, Kecamatan Pedes, Karawang, tewas dalam kondisi bersimbah darah akibat luka bacok. Janda anak tiga itu, meregang nyawa sekira pukul 01.00 WIB, Rabu (5/2) din",
polisi korban tewas pembunuhan,QL (Laplace),5,5676,-39.92115559098196,4,1.0,"  Penyidik Reskrim Polres Rote Ndao, Nusa Tenggara Timur segera mengagendakan reka ulang kasus pembunuhan untuk melengkapi berkas perkara demi pelimpahan ke Kejaksaan Negeri. ""Kita sudah periksa saksi",
polisi korban tewas pembunuhan,QL (Laplace),6,12014,-40.086153719374046,4,1.0,"  Tim Opsnal Serigala Polres Lebak menciduk seorang pria berinisial SR (51). Petani asal Lebak itu ditangkap polisi karena diduga telah membunuh temannya, Jamingan. Kabid Humas Polda Banten AKBP Shint",
polisi korban tewas pembunuhan,QL (Laplace),7,12231,-40.25709058782286,3,0.75,  Satuan Reserse Kriminal Polresta Jayapura menangkap pelaku pembunuhan terhadap Nasruddin alias Acik (44). Peristiwa tersebut terjadi pada Senin (28/6) sekitar pukul 21.30 WIT. Pelaku diketahui berin,
polisi korban tewas pembunuhan,QL (Laplace),8,9899,-40.3002764419949,3,0.75,"  Warga bernama Sukadi (37) tewas di tempat dan istrinya Erika (25) mengalami banyak luka akibat dianiaya tetangganya sendiri, Irawan (37). Motif pembunuhan dilatarbelakangi dendam. Kasubag Humas Polr",
polisi korban tewas pembunuhan,QL (Laplace),9,10593,-40.310932625661835,3,0.75,"  Kasus pembunuhan pemilik Toko Emas Bintang Cenderawasih di Arso kian bergulir. Penyidik Reskrim Polresta Jayapura Kota, Papua, menetapkan Mahdi Merhaban (MM) sebagai tersangka. Pelaku merupakan seor",
polisi korban tewas pembunuhan,QL (Laplace),10,9798,-40.384825490458475,4,1.0,"  Polisi mengungkap kasus pembunuhan terhadap Putra (30) di perkebunan tebu Desa Seri Kembang III, Kecamatan Payaraman, Ogan Ilir, Sumatera Selatan. Pria itu ternyata dihabisi sekelompok warga sekampu",
polisi korban tewas pembunuhan,QL (Linear Interpolation),1,9781,-16.742884725759705,4,1.0,"  Masyarakat Desa Taja Indah, Kecamatan Betung, Banyuasin, Sumatera Selatan, gempar dengan penemuan mayat warganya, Mardinator alias Ligat (30) di kebun karet. Polisi menduga korban tewas karena tinda",
polisi korban tewas pembunuhan,QL (Linear Interpolation),2,9700,-17.686629990520366,4,1.0,  Tiga di antara lima pelaku pemerkosaan dan pembunuhan terhadap seorang perempuan berinisial R (28) di Musi Banyuasin ditangkap polisi. Mereka terancam hukuman mati atas perbuatannya. Ketiga pelaku A,
polisi korban tewas pembunuhan,QL (Linear Interpolation),3,9897,-17.847024904197838,4,1.0,"  Sehari usai kejadian, polisi meringkus pelaku pembunuhan dan penganiayaan pasangan suami istri Sukadi (37) dan Erika (25). Pelaku Irawan (37) terancam 15 tahun penjara. Pelaku diamankan dalam persem",
polisi korban tewas pembunuhan,QL (Linear Interpolation),4,7228,-17.997598639303405,4,1.0,"  Oon (55), warga Kamurang, Desa Jatimulya, Kecamatan Pedes, Karawang, tewas dalam kondisi bersimbah darah akibat luka bacok. Janda anak tiga itu, meregang nyawa sekira pukul 01.00 WIB, Rabu (5/2) din",
polisi korban tewas pembunuhan,QL (Linear Interpolation),5,7221,-18.152083751175848,4,1.0,"  SJ (17) ditemukan tewas di pinggir rel Stasiun Cikampek, dengan penuh luka dan leher terikat sabuk yang diikat di tiang. Setelah dilakukan penyelidikan, polisi menangkap pelaku yang juga teman korba",
polisi korban tewas pembunuhan,QL (Linear Interpolation),6,9836,-18.561598326472705,4,1.0,"  Hanya gara-gara disalip, sejumlah petani nekat membunuh pemotor bernama Sudirman (25). Tiap hari merasa dihantui, salah seorang pelaku bernama Rian Hidayat (39) akhirnya menyerahkan diri ke kantor p",
polisi korban tewas pembunuhan,QL (Linear Interpolation),7,9680,-18.750403914560714,4,1.0,"  Tak terima ditampar di depan banyak orang, Irawan (26), nekat membunuh seorang remaja, Hazri Junani (19). Satu setengah bulan buron, pelaku akhirnya ditangkap polisi. Peristiwa itu bermula ketika ke",
polisi korban tewas pembunuhan,QL (Linear Interpolation),8,9673,-18.836602586412873,4,1.0,"  Warga Desa Lubuk Harjo, Kecamatan Belitang Madang Jaya, Ogan Komering Ulu (OKU) Timur, Sumatera Selatan, geger dengan adanya tindak pidana pembunuhan yang dialami seorang ibu rumah tangga Asmiana (3",
polisi korban tewas pembunuhan,QL (Linear Interpolation),9,9798,-19.112607932090874,4,1.0,"  Polisi mengungkap kasus pembunuhan terhadap Putra (30) di perkebunan tebu Desa Seri Kembang III, Kecamatan Payaraman, Ogan Ilir, Sumatera Selatan. Pria itu ternyata dihabisi sekelompok warga sekampu",
polisi korban tewas pembunuhan,QL (Linear Interpolation),10,9173,-19.166424994478042,4,1.0,  Seorang pengantar air galon berinisial AS (19) di Pinrang tega membunuh seorang ibu SE (34) dan anaknya MA (10). Dia diduga nekat melakukan pembunuhan karena ketahuan saat hendak memerkosa. Kepala S,
